Sequence,A or a,E or e,I or i,O or o,U or u,Consonants
gdDpLzElJ,0,1,0,0,0,8
JOMlWmI,0,0,1,1,0,5
gUMhny,0,0,0,0,1,5
PTZQLueYs,0,1,0,0,1,7
rEWcamhj,1,1,0,0,0,6
ILVRael,1,1,1,0,0,4
FtCVnlI,0,0,1,0,0,6
KcewhvZ,0,1,0,0,0,6
ZHpbPIX,0,0,1,0,0,6
vJoUNHum,0,0,0,1,2,5
rSRMOFqlX,0,0,0,1,0,8
FSNIQThd,0,0,1,0,0,7
LDFiRzN,0,0,1,0,0,6
mWyvHQ,0,0,0,0,0,6
VTrzjb,0,0,0,0,0,6
RGAMTKEjd,1,1,0,0,0,7
ImbcVvUF,0,0,1,0,1,6
mFwYQfoAP,1,0,0,1,0,7
AeoJQfHj,1,1,0,1,0,5
IDgWUQrikw,0,0,2,0,1,7
jwPUGZ,0,0,0,0,1,5
eJkHdWmc,0,1,0,0,0,7
NIaMStd,1,0,1,0,0,5
AsMrENXefo,1,2,0,1,0,6
OAvaoBwys,2,0,0,2,0,5
GxSplRLw,0,0,0,0,0,8
SNHsZp,0,0,0,0,0,6
BMbuLkNTyo,0,0,0,1,1,8
RhOebVG,0,1,0,1,0,5
yejQEt,0,2,0,0,0,4
cwBQRjDgIX,0,0,1,0,0,9
ZtdIrvRNHO,0,0,1,1,0,8
CRNmAQVK,1,0,0,0,0,7
xCFgLUVb,0,0,0,0,1,7
MjTflxy,0,0,0,0,0,7
qZEUSLTcN,0,1,0,0,1,7
fecqzKxin,0,1,1,0,0,7
twAcVd,1,0,0,0,0,5
NpFLyUmbnP,0,0,0,0,1,9
mnLYBP,0,0,0,0,0,6
VmRAZDbJ,1,0,0,0,0,7
RWBvtOYjZI,0,0,1,1,0,8
niUdMKA,1,0,1,0,1,4
fpHuMq,0,0,0,0,1,5
SnHuFXd,0,0,0,0,1,6
SLiGzx,0,0,1,0,0,5
xqJAChwM,1,0,0,0,0,7
YkHqJyAhe,1,1,0,0,0,7
mFyceEYVSZ,0,2,0,0,0,8
LZVTjNG,0,0,0,0,0,7
zpFXTULqyR,0,0,0,0,1,9
bzWkoief,0,1,1,1,0,5
ABGpxOg,1,0,0,1,0,5
MBFeIDQX,0,1,1,0,0,6
MqTIJu,0,0,1,0,1,4
xAwHsi,1,0,1,0,0,4
DAUkBEItP,1,1,1,0,1,5
ZGnTFklW,0,0,0,0,0,8
zeTLDuk,0,1,0,0,1,5
KpSMUAfgkx,1,0,0,0,1,8
johWYztJy,0,0,0,1,0,8
fUQmjA,1,0,0,0,1,4
QhTHPm,0,0,0,0,0,6
HbSmiL,0,0,1,0,0,5
KxujaFRYAI,2,0,1,0,1,6
nEcOdQ,0,1,0,1,0,4
JnoUgv,0,0,0,1,1,4
SMgvcH,0,0,0,0,0,6
LwIHfKDNg,0,0,1,0,0,8
heaAXdftGZ,2,1,0,0,0,7
UgyquaG,1,0,0,0,2,4
WTswmCrcNK,0,0,0,0,0,10
BgYwdcxvr,0,0,0,0,0,9
deznoqP,0,1,0,1,0,5
tnwYqo,0,0,0,1,0,5
nUKfhjr,0,0,0,0,1,6
NCzguy,0,0,0,0,1,5
NznGkTfu,0,0,0,0,1,7
yuOVdL,0,0,0,1,1,4
HAQWBEYhyD,1,1,0,0,0,8
sRlaWMuO,1,0,0,1,1,5
FbzKAd,1,0,0,0,0,5
XQezVd,0,1,0,0,0,5
vNtDrd,0,0,0,0,0,6
HBeWZvu,0,1,0,0,1,5
ibSLhk,0,0,1,0,0,5
YEmfNboid,0,1,1,1,0,6
ldtueWUvM,0,1,0,0,2,6
qiuYtr,0,0,1,0,1,4
ptjOiJzXh,0,0,1,1,0,7
MVevXKk,0,1,0,0,0,6
QiCUabhgZ,1,0,1,0,1,6
EygiGm,0,1,1,0,0,4
tCuxFqRM,0,0,0,0,1,7
UGdFBln,0,0,0,0,1,6
LcUdCuOsI,0,0,1,1,2,5
wcMXtAEu,1,1,0,0,1,5
itWCLdgX,0,0,1,0,0,7
LBNyuW,0,0,0,0,1,5
hYvMrGWztO,0,0,0,1,0,9
VmuSqo,0,0,0,1,1,4
eBrptJxdwC,0,1,0,0,0,9
ynjkWuOzw,0,0,0,1,1,7
ZtMHopw,0,0,0,1,0,6
ONcrFUp,0,0,0,1,1,5
JHzIrg,0,0,1,0,0,5
uyawMSHPxE,1,1,0,0,1,7
vEqhufioz,0,1,1,1,1,5
UEsXtKAV,1,1,0,0,1,5
JnIkuV,0,0,1,0,1,4
eMHfGbWY,0,1,0,0,0,7
FPZprH,0,0,0,0,0,6
wTbsyEANQK,1,1,0,0,0,8
QBEfDmV,0,1,0,0,0,6
CwZzIXDN,0,0,1,0,0,7
pkXTSwqd,0,0,0,0,0,8
gqWfdXEK,0,1,0,0,0,7
QCGvBaUwtL,1,0,0,0,1,8
DsKlnvfj,0,0,0,0,0,8
zlKxEu,0,1,0,0,1,4
qCyIRTd,0,0,1,0,0,6
eoHBsj,0,1,0,1,0,4
ulOyFefG,0,1,0,1,1,5
zRKxNS,0,0,0,0,0,6
wraGKjFp,1,0,0,0,0,7
XiUxePdNpZ,0,1,1,0,1,7
trLwZSFM,0,0,0,0,0,8
bSjrFfOT,0,0,0,1,0,7
jaYJqX,1,0,0,0,0,5
UwSDpx,0,0,0,0,1,5
DYAJvb,1,0,0,0,0,5
RJETSf,0,1,0,0,0,5
wapCzXkIDA,2,0,1,0,0,7
wiDJgPA,1,0,1,0,0,5
UYMhvBXr,0,0,0,0,1,7
FowIuvUBQ,0,0,1,1,2,5
pSozRu,0,0,0,1,1,4
vtgXrZ,0,0,0,0,0,6
MnOIBdRrC,0,0,1,1,0,7
ckqCnQdpR,0,0,0,0,0,9
reWLXl,0,1,0,0,0,5
ijgXSeY,0,1,1,0,0,5
SaDnwuiGNI,1,0,2,0,1,6
yDUopMGdv,0,0,0,1,1,7
jWNIqRCwnH,0,0,1,0,0,9
virEAP,1,1,1,0,0,3
iAswbqQ,1,0,1,0,0,5
YkptRO,0,0,0,1,0,5
FGtgruUij,0,0,1,0,2,6
xqrYbL,0,0,0,0,0,6
ySeLcP,0,1,0,0,0,5
kyqaEZO,1,1,0,1,0,4
BATmGW,1,0,0,0,0,5
wzyWFZv,0,0,0,0,0,7
kMDNEnG,0,1,0,0,0,6
tksOPjZ,0,0,0,1,0,6
ezRXaBqgc,1,1,0,0,0,7
arsoRPmuC,1,0,0,1,1,6
cfyYAW,1,0,0,0,0,5
PMnWuZBLFS,0,0,0,0,1,9
dGrpPDbAR,1,0,0,0,0,8
EDAeHaJXTO,2,2,0,1,0,5
NHzPVp,0,0,0,0,0,6
gAIWxb,1,0,1,0,0,4
QovNYnfs,0,0,0,1,0,7
zfExOyXWl,0,1,0,1,0,7
UVhzmgx,0,0,0,0,1,6
aMpdbAORhj,2,0,0,1,0,7
svbeRq,0,1,0,0,0,5
mgwKqDpduf,0,0,0,0,1,9
cQXShqm,0,0,0,0,0,7
OErTNpbIZ,0,1,1,1,0,6
AbrUVXlNmT,1,0,0,0,1,8
mpGhlbz,0,0,0,0,0,7
AnFvVtKe,1,1,0,0,0,6
dSqoUJWt,0,0,0,1,1,6
ZiqogCBlDE,0,1,1,1,0,7
ZHaETcw,1,1,0,0,0,5
pDOrdS,0,0,0,1,0,5
LetOQNa,1,1,0,1,0,4
wAqrscJNiG,1,0,1,0,0,8
iflQNJF,0,0,1,0,0,6
HCMAuZh,1,0,0,0,1,5
HoNhvpU,0,0,0,1,1,5
LzDjrZ,0,0,0,0,0,6
KiMyjLc,0,0,1,0,0,6
xQBWCm,0,0,0,0,0,6
USbjOBeN,0,1,0,1,1,5
FLjXKdV,0,0,0,0,0,7
sFrbnTl,0,0,0,0,0,7
fHEhVM,0,1,0,0,0,5
iOvBJTCR,0,0,1,1,0,6
cktvHLGWEf,0,1,0,0,0,9
GCSgWNp,0,0,0,0,0,7
xUVatH,1,0,0,0,1,4
qVrfCTO,0,0,0,1,0,6
pINbfzwDlj,0,0,1,0,0,9
QVxzeY,0,1,0,0,0,5
jLEgPTeFJ,0,2,0,0,0,7
PluorZwRDp,0,0,0,1,1,8
nRXjGWb,0,0,0,0,0,7
nFMONP,0,0,0,1,0,5
oCKVbQn,0,0,0,1,0,6
AKYPQmkC,1,0,0,0,0,7
vDdgGpHmi,0,0,1,0,0,8
hJeOMm,0,1,0,1,0,4
IlNGLrD,0,0,1,0,0,6
dsriGgFVy,0,0,1,0,0,8
tuKoJbjzm,0,0,0,1,1,7
JeFDtXY,0,1,0,0,0,6
yErQMOxs,0,1,0,1,0,6
arypTKbP,1,0,0,0,0,7
EPiqtFGB,0,1,1,0,0,6
fdYkAiRZv,1,0,1,0,0,7
RqkOIjy,0,0,1,1,0,5
YKMkjpNV,0,0,0,0,0,8
QbHkwOD,0,0,0,1,0,6
BdDavgl,1,0,0,0,0,6
HBagUl,1,0,0,0,1,4
SipRkWL,0,0,1,0,0,6
jPIRmNKuGy,0,0,1,0,1,8
zErHChZQPo,0,1,0,1,0,8
PpvaEx,1,1,0,0,0,4
MhHwyQp,0,0,0,0,0,7
UptZVcq,0,0,0,0,1,6
ojzUDBARQ,1,0,0,1,1,6
NIQWHk,0,0,1,0,0,5
FaRDKjOLh,1,0,0,1,0,7
QNxoAOuHC,1,0,0,2,1,5
SfeuOmKny,0,1,0,1,1,6
oHbzSgMV,0,0,0,1,0,7
vrHyDe,0,1,0,0,0,5
tjyUFVzhs,0,0,0,0,1,8
OXpeSHr,0,1,0,1,0,5
PSnraR,1,0,0,0,0,5
bveRAI,1,1,1,0,0,3
jJNUIYMsfH,0,0,1,0,1,8
VFOKCd,0,0,0,1,0,5
vCpYrubqz,0,0,0,0,1,8
NGvaWA,2,0,0,0,0,4
abDNVI,1,0,1,0,0,4
HOIyuao,1,0,1,2,1,2
PrJYjsQNqa,1,0,0,0,0,9
vbHwGAo,1,0,0,1,0,5
UHfMtCPi,0,0,1,0,1,6
evcohJM,0,1,0,1,0,5
lYfMgrBms,0,0,0,0,0,9
ijERpAol,1,1,1,1,0,4
ifIgTpNndU,0,0,2,0,1,7
QXnGZLATN,1,0,0,0,0,8
UDLzlK,0,0,0,0,1,5
LUGMcK,0,0,0,0,1,5
qRPZMOC,0,0,0,1,0,6
slNMDwqk,0,0,0,0,0,8
gETDtNnMC,0,1,0,0,0,8
HxoCgr,0,0,0,1,0,5
LugikeB,0,1,1,0,1,4
ZUVzWrtQ,0,0,0,0,1,7
xZiwLpGkl,0,0,1,0,0,8
VZYLMh,0,0,0,0,0,6
gMpkCWeLAF,1,1,0,0,0,8
UdYsEmJSg,0,1,0,0,1,7
CDcxRbQ,0,0,0,0,0,7
BCHPFRYJA,1,0,0,0,0,8
FTvoAw,1,0,0,1,0,4
rDWqeaJ,1,1,0,0,0,5
XUHJbvB,0,0,0,0,1,6
LeDkoSs,0,1,0,1,0,5
oePdYx,0,1,0,1,0,4
FsxIwlGiEK,0,1,2,0,0,7
QsranWB,1,0,0,0,0,6
CvWBlFf,0,0,0,0,0,7
vAcTQBya,2,0,0,0,0,6
uWtjliAdY,1,0,1,0,1,6
MgPsDlw,0,0,0,0,0,7
WkjhHboisI,0,0,2,1,0,7
quAtzlB,1,0,0,0,1,5
yDsRcqj,0,0,0,0,0,7
gnMFmGW,0,0,0,0,0,7
sPZGnxJqLo,0,0,0,1,0,9
gszQKnwe,0,1,0,0,0,7
EPOdwFkotC,0,1,0,2,0,7
owDZlI,0,0,1,1,0,4
YkxcfJm,0,0,0,0,0,7
cmtFQgikw,0,0,1,0,0,8
kdsqCl,0,0,0,0,0,6
GLKOXSdtlx,0,0,0,1,0,9
nueBSyl,0,1,0,0,1,5
YhSnmHr,0,0,0,0,0,7
FNnqyR,0,0,0,0,0,6
POTJAs,1,0,0,1,0,4
axIgnUXi,1,0,2,0,1,4
nQqdhZKWEr,0,1,0,0,0,9
xVLbCf,0,0,0,0,0,6
EGtuIZWq,0,1,1,0,1,5
itKFQAZNm,1,0,1,0,0,7
jePZnLkJO,0,1,0,1,0,7
yfBwvG,0,0,0,0,0,6
BjsaOWUA,2,0,0,1,1,4
KZftIFW,0,0,1,0,0,6
FGxbaLcEMY,1,1,0,0,0,8
DRCrZh,0,0,0,0,0,6
OgvZApVK,1,0,0,1,0,6
VNkWDRJqT,0,0,0,0,0,9
cndLPoOwV,0,0,0,2,0,7
lkyNJmpH,0,0,0,0,0,8
ekVrFAc,1,1,0,0,0,5
TQGZMYmB,0,0,0,0,0,8
uMyTUW,0,0,0,0,2,4
ESPFiDUINO,0,1,2,1,1,5
hITZbKs,0,0,1,0,0,6
TspncV,0,0,0,0,0,6
cHKPTeIl,0,1,1,0,0,6
IvjHfF,0,0,1,0,0,5
Fzxhrcip,0,0,1,0,0,7
FnEIbzHNpd,0,1,1,0,0,8
tPMLEqRNev,0,2,0,0,0,8
WznLbIi,0,0,2,0,0,5
gJeUBby,0,1,0,0,1,5
gaDotQumd,1,0,0,1,1,6
SLAvtw,1,0,0,0,0,5
WfBhSHK,0,0,0,0,0,7
bwclRrYdZ,0,0,0,0,0,9
DfitlsvP,0,0,1,0,0,7
rSbaQZVwOM,1,0,0,1,0,8
XVMuGv,0,0,0,0,1,5
GDIUuZjvC,0,0,1,0,2,6
KMjlYpFevJ,0,1,0,0,0,9
MkiRjFD,0,0,1,0,0,6
uUkEDPoAW,1,1,0,1,2,4
jVguMizxq,0,0,1,0,1,7
VTECPQl,0,1,0,0,0,6
PWIHjtvOk,0,0,1,1,0,7
pMPBDR,0,0,0,0,0,6
xfXRmn,0,0,0,0,0,6
HIJEmsDg,0,1,1,0,0,6
IdfRuvj,0,0,1,0,1,5
rDwAVkofM,1,0,0,1,0,7
JRNAhm,1,0,0,0,0,5
ligPTGQe,0,1,1,0,0,6
srCLwV,0,0,0,0,0,6
nubgwRZK,0,0,0,0,1,7
mjOylVQMw,0,0,0,1,0,8
twrUAZ,1,0,0,0,1,4
MpUetE,0,2,0,0,1,3
kMrXse,0,1,0,0,0,5
bcsDmfR,0,0,0,0,0,7
CsFzXgSf,0,0,0,0,0,8
eDQCGp,0,1,0,0,0,5
vrcTImYKwZ,0,0,1,0,0,9
KLFRxkjHdI,0,0,1,0,0,9
evICAW,1,1,1,0,0,3
STWHYU,0,0,0,0,1,5
yUPBmcoz,0,0,0,1,1,6
eqAyDQBja,2,1,0,0,0,6
AhGYJoRrP,1,0,0,1,0,7
oBdhpqi,0,0,1,1,0,5
QZljuLV,0,0,0,0,1,6
owiZsgCFG,0,0,1,1,0,7
OMFJyu,0,0,0,1,1,4
QcMakt,1,0,0,0,0,5
DGjFgamiBE,1,1,1,0,0,7
FLsvEr,0,1,0,0,0,5
miwnPsGM,0,0,1,0,0,7
XRjJMBzq,0,0,0,0,0,8
ySzeEXIr,0,2,1,0,0,5
uVzMErNcH,0,1,0,0,1,7
SsnZNYKLM,0,0,0,0,0,9
mqCzNL,0,0,0,0,0,6
nhypafjW,1,0,0,0,0,7
mqUJCEv,0,1,0,0,1,5
Povxwa,1,0,0,1,0,4
rAeIlX,1,1,1,0,0,3
AVCQGhY,1,0,0,0,0,6
zTrDos,0,0,0,1,0,5
TCAVDl,1,0,0,0,0,5
XZuWnAR,1,0,0,0,1,5
zNLiEc,0,1,1,0,0,4
OhXmrI,0,0,1,1,0,4
iMQpyHOc,0,0,1,1,0,6
PdpBKlsZ,0,0,0,0,0,8
uhtaKlw,1,0,0,0,1,5
XgMTUQadxo,1,0,0,1,1,7
tELRHIV,0,1,1,0,0,5
CDpUbls,0,0,0,0,1,6
GkUKnlIm,0,0,1,0,1,6
pUzMjP,0,0,0,0,1,5
gxKCsR,0,0,0,0,0,6
DxjZrBJg,0,0,0,0,0,8
BDWcwe,0,1,0,0,0,5
rtsUZdx,0,0,0,0,1,6
GeXuOVJRqi,0,1,1,1,1,6
UzVxslrf,0,0,0,0,1,7
qvsOyxG,0,0,0,1,0,6
XbvMRcJ,0,0,0,0,0,7
PTRDsrpYE,0,1,0,0,0,8
eAIcxvaQy,2,1,1,0,0,5
tGfInh,0,0,1,0,0,5
zuQtwlM,0,0,0,0,1,6
EzHhtDf,0,1,0,0,0,6
vRAEYH,1,1,0,0,0,4
heRMqnEuWr,0,2,0,0,1,7
oFOJHYXp,0,0,0,2,0,6
DawRjmQiJ,1,0,1,0,0,7
DwzdRVOrk,0,0,0,1,0,8
lLWsTQ,0,0,0,0,0,6
gwHdoa,1,0,0,1,0,4
rhfdDF,0,0,0,0,0,6
kWjdzh,0,0,0,0,0,6
nNufbY,0,0,0,0,1,5
aoinZNq,1,0,1,1,0,4
ZSvhxJ,0,0,0,0,0,6
kRPmeHqF,0,1,0,0,0,7
viUbNz,0,0,1,0,1,4
uazRNdcKtb,1,0,0,0,1,8
elMOtEokHa,1,2,0,2,0,5
WpZYULy,0,0,0,0,1,6
GITzHEQ,0,1,1,0,0,5
EIXRrt,0,1,1,0,0,4
fxABGSHgNq,1,0,0,0,0,9
fyEMND,0,1,0,0,0,5
sGOEUm,0,1,0,1,1,3
pucCMgt,0,0,0,0,1,6
fYgkNbE,0,1,0,0,0,6
zElaNB,1,1,0,0,0,4
ivyqDhzk,0,0,1,0,0,7
dTkNsJMeA,1,1,0,0,0,7
AwWnEP,1,1,0,0,0,4
bTcfpN,0,0,0,0,0,6
QCKwvus,0,0,0,0,1,6
FjrCUeqAJk,1,1,0,0,1,7
rDEeIZ,0,2,1,0,0,3
RIjKcUnbv,0,0,1,0,1,7
JcFjdou,0,0,0,1,1,5
RucdanMkZ,1,0,0,0,1,7
LxeWqnpHri,0,1,1,0,0,8
NCKRJHh,0,0,0,0,0,7
xrzOFjwgc,0,0,0,1,0,8
NHejGXOfB,0,1,0,1,0,7
fumMlxH,0,0,0,0,1,6
rwWFEJ,0,1,0,0,0,5
ydVouDkXiZ,0,0,1,1,1,7
ogEQxbSf,0,1,0,1,0,6
usrAEHN,1,1,0,0,1,4
lPDzeFWifM,0,1,1,0,0,8
idWXsPB,0,0,1,0,0,6
DZIaKMerm,1,1,1,0,0,6
EqbVRLa,1,1,0,0,0,5
MLQAgZ,1,0,0,0,0,5
qiamXUn,1,0,1,0,1,4
OCfaDIzA,2,0,1,1,0,4
UBJPKMT,0,0,0,0,1,6
jYgIfutc,0,0,1,0,1,6
ZAsIRp,1,0,1,0,0,4
YmRjquUS,0,0,0,0,2,6
rbsRTvXcqw,0,0,0,0,0,10
JpiUWdLAZ,1,0,1,0,1,6
CQxkbdoED,0,1,0,1,0,7
wZhHfaOvG,1,0,0,1,0,7
lxisVdQMj,0,0,1,0,0,8
OnLAMEzoa,2,1,0,2,0,4
UojXMrg,0,0,0,1,1,5
hLnGTpmw,0,0,0,0,0,8
jykETrJnw,0,1,0,0,0,8
TjKDwELUe,0,2,0,0,1,6
NtzJpC,0,0,0,0,0,6
FWlymAr,1,0,0,0,0,6
UOkGsMw,0,0,0,1,1,5
uFcpET,0,1,0,0,1,4
HhbeCTdXDU,0,1,0,0,1,8
tLnOAgKlV,1,0,0,1,0,7
fiGzJBnLI,0,0,2,0,0,7
LSPDtmXdeN,0,1,0,0,0,9
TSDyiAL,1,0,1,0,0,5
TYgxcKHOs,0,0,0,1,0,8
pXEGjdznF,0,1,0,0,0,8
OgGZKLRVPB,0,0,0,1,0,9
VIBDpXWbR,0,0,1,0,0,8
gMDNuXbZp,0,0,0,0,1,8
nBDLlvd,0,0,0,0,0,7
DmPUuwvfM,0,0,0,0,2,7
HKqbwS,0,0,0,0,0,6
LkmzbeYiNA,1,1,1,0,0,7
cnaBHTY,1,0,0,0,0,6
kJdfPDqglh,0,0,0,0,0,10
HGYiJtu,0,0,1,0,1,5
WDgPeC,0,1,0,0,0,5
ZvyHGB,0,0,0,0,0,6
RJqtmAUL,1,0,0,0,1,6
ZkDpAy,1,0,0,0,0,5
UHTGIt,0,0,1,0,1,4
bpgBwUlk,0,0,0,0,1,7
SZoJqRjx,0,0,0,1,0,7
bzcBsR,0,0,0,0,0,6
rBJtUf,0,0,0,0,1,5
MXdUeJ,0,1,0,0,1,4
KyhbnkS,0,0,0,0,0,7
OfqNanJLs,1,0,0,1,0,7
VhnIDkHi,0,0,2,0,0,6
awMWAIiX,2,0,2,0,0,4
pqJjhafc,1,0,0,0,0,7
QanIhYv,1,0,1,0,0,5
XMsilb,0,0,1,0,0,5
KWOCqwMY,0,0,0,1,0,7
xMAKIl,1,0,1,0,0,4
sDRofu,0,0,0,1,1,4
RlkEDv,0,1,0,0,0,5
tbDMVCTj,0,0,0,0,0,8
AtDGNCBp,1,0,0,0,0,7
BJiRIHvwgn,0,0,2,0,0,8
mZPJie,0,1,1,0,0,4
OiYpcNs,0,0,1,1,0,5
cqwjZSt,0,0,0,0,0,7
pnTGKVMQ,0,0,0,0,0,8
olUKphkf,0,0,0,1,1,6
LYxPiG,0,0,1,0,0,5
LwoGQSCkB,0,0,0,1,0,8
usBxdb,0,0,0,0,1,5
yDUqgHj,0,0,0,0,1,6
SVItly,0,0,1,0,0,5
wsWAtnR,1,0,0,0,0,6
SsWGxQ,0,0,0,0,0,6
LOYAkvR,1,0,0,1,0,5
dIwmZgUO,0,0,1,1,1,5
UGLizvJPOg,0,0,1,1,1,7
iFjZaQ,1,0,1,0,0,4
CuOQEeqw,0,2,0,1,1,4
sfFtRorW,0,0,0,1,0,7
WhQrTA,1,0,0,0,0,5
FZJjeQ,0,1,0,0,0,5
pDxzUYGyWu,0,0,0,0,2,8
NYRsOCkTp,0,0,0,1,0,8
bHRLhxIuaV,1,0,1,0,1,7
yQoqPgRw,0,0,0,1,0,7
dRwUGkf,0,0,0,0,1,6
vFRUljS,0,0,0,0,1,6
LUhfQWtnFc,0,0,0,0,1,9
DSOMxcQ,0,0,0,1,0,6
ctKhawSfP,1,0,0,0,0,8
ipBlMKjJWR,0,0,1,0,0,9
RgoDseAZdY,1,1,0,1,0,7
HAIFJjG,1,0,1,0,0,5
ObZMDfhx,0,0,0,1,0,7
hdbEvPFCeA,1,2,0,0,0,7
veFDgCKZ,0,1,0,0,0,7
uRhjKai,1,0,1,0,1,4
syJSQIYj,0,0,1,0,0,7
FtrmqQN,0,0,0,0,0,7
cNmGvuOsy,0,0,0,1,1,7
agTUpStdXc,1,0,0,0,1,8
diGVHM,0,0,1,0,0,5
hjWqtD,0,0,0,0,0,6
IbENle,0,2,1,0,0,3
IVgFOx,0,0,1,1,0,4
lkUYuy,0,0,0,0,2,4
sqgAHVIY,1,0,1,0,0,6
syiWKowMN,0,0,1,1,0,7
qOmbIijaCg,1,0,2,1,0,6
BiDRLu,0,0,1,0,1,4
OxLFpui,0,0,1,1,1,4
ZnAWIop,1,0,1,1,0,4
cMvsLzdGr,0,0,0,0,0,9
sJmlIyLPrV,0,0,1,0,0,9
RBMtkK,0,0,0,0,0,6
sorbRCge,0,1,0,1,0,6
MKkQPqVt,0,0,0,0,0,8
iCpxvjz,0,0,1,0,0,6
KDNPMgz,0,0,0,0,0,7
TLXFcIP,0,0,1,0,0,6
AFuJtWjcGf,1,0,0,0,1,8
bPmWntqBsJ,0,0,0,0,0,10
viutBZ,0,0,1,0,1,4
qIBHMN,0,0,1,0,0,5
DfvWywPjnR,0,0,0,0,0,10
YqZMozJQ,0,0,0,1,0,7
NJcAejS,1,1,0,0,0,5
YvSJXo,0,0,0,1,0,5
JSbIWwQkm,0,0,1,0,0,8
gKLRpOvfyG,0,0,0,1,0,9
oJrHcC,0,0,0,1,0,5
bCzujmTk,0,0,0,0,1,7
YEkUGt,0,1,0,0,1,4
jraRbO,1,0,0,1,0,4
KoEYOdm,0,1,0,2,0,4
mBfMWwvJ,0,0,0,0,0,8
oUIbxzl,0,0,1,1,1,4
xzYnKaQq,1,0,0,0,0,7
nYTfSzhRDG,0,0,0,0,0,10
RLEVTWZ,0,1,0,0,0,6
ZTMaDAE,2,1,0,0,0,4
fVqAPY,1,0,0,0,0,5
DJuERMz,0,1,0,0,1,5
IymFCQKH,0,0,1,0,0,7
GkqKNO,0,0,0,1,0,5
uazRsfOgv,1,0,0,1,1,6
xTZkINCGhf,0,0,1,0,0,9
yCZOJS,0,0,0,1,0,5
dximyP,0,0,1,0,0,5
bTFMqN,0,0,0,0,0,6
AIcmBn,1,0,1,0,0,4
njQKIUVN,0,0,1,0,1,6
DaGEOH,1,1,0,1,0,3
LEgikS,0,1,1,0,0,4
gcufakr,1,0,0,0,1,5
nMNaAzV,2,0,0,0,0,5
stXzHbha,1,0,0,0,0,7
EdHezxfYC,0,2,0,0,0,7
nlAJDsVj,1,0,0,0,0,7
sLvOHQ,0,0,0,1,0,5
TKbLJcgA,1,0,0,0,0,7
dGmnIzkpuj,0,0,1,0,1,8
HDTCdf,0,0,0,0,0,6
kIvfuPYGFe,0,1,1,0,1,7
JWnZiDz,0,0,1,0,0,6
mQRjBWtf,0,0,0,0,0,8
ZqYuITam,1,0,1,0,1,5
ziLeqnh,0,1,1,0,0,5
csbylrfL,0,0,0,0,0,8
aePlQkmT,1,1,0,0,0,6
DTSmHNpeq,0,1,0,0,0,8
SJHeTmj,0,1,0,0,0,6
KzlQmC,0,0,0,0,0,6
NSkJqGPzDr,0,0,0,0,0,10
TnpsbGUd,0,0,0,0,1,7
UhNrLFB,0,0,0,0,1,6
HWaLnM,1,0,0,0,0,5
NgfjMJKGH,0,0,0,0,0,9
BmduUYoGt,0,0,0,1,2,6
OBIFoQgwSn,0,0,1,2,0,7
ErLHUhSXqi,0,1,1,0,1,7
yGhAtRJp,1,0,0,0,0,7
eTSIGEW,0,2,1,0,0,4
Hatonz,1,0,0,1,0,4
FDtzWp,0,0,0,0,0,6
pBYCOkl,0,0,0,1,0,6
QijxNP,0,0,1,0,0,5
tTBkNWUIE,0,1,1,0,1,6
VvMzPZ,0,0,0,0,0,6
jugvofktQa,1,0,0,1,1,7
XWcwkazM,1,0,0,0,0,7
aTroGLj,1,0,0,1,0,5
InZbOfEy,0,1,1,1,0,5
aWmRDsY,1,0,0,0,0,6
mDbdKI,0,0,1,0,0,5
rUlPjCkY,0,0,0,0,1,7
FOoLha,1,0,0,2,0,3
TNrsei,0,1,1,0,0,4
LOafMcmibG,1,0,1,1,0,7
yCXVEwt,0,1,0,0,0,6
dqhBwS,0,0,0,0,0,6
TqulsA,1,0,0,0,1,4
wtDXhCZBp,0,0,0,0,0,9
wHWcCz,0,0,0,0,0,6
tEruZU,0,1,0,0,2,3
hYzTfwypJU,0,0,0,0,1,9
yFHqOh,0,0,0,1,0,5
GItBPDs,0,0,1,0,0,6
LpKlFAkR,1,0,0,0,0,7
SbJyET,0,1,0,0,0,5
tkKPDX,0,0,0,0,0,6
ZbmNfyGl,0,0,0,0,0,8
LwRfaDiVbU,1,0,1,0,1,7
FEewoXmY,0,2,0,1,0,5
DrdksaupF,1,0,0,0,1,7
iHBJNtYapl,1,0,1,0,0,8
KSZjrNQ,0,0,0,0,0,7
AKRncxeXvI,1,1,1,0,0,7
qoEHgwftlG,0,1,0,1,0,8
YgNztU,0,0,0,0,1,5
QLoPUHa,1,0,0,1,1,4
tApbJhS,1,0,0,0,0,6
uFzpRWLMwQ,0,0,0,0,1,9
WGPphnTZ,0,0,0,0,0,8
GVBjmoOs,0,0,0,2,0,6
EYIsByF,0,1,1,0,0,5
ojuxImn,0,0,1,1,1,4
MyrxKJOtq,0,0,0,1,0,8
ylOpCfhXd,0,0,0,1,0,8
CviYOKTp,0,0,1,1,0,6
ndjAmLk,1,0,0,0,0,6
eoSJTi,0,1,1,1,0,3
fdEAlwNFZ,1,1,0,0,0,7
rledKS,0,1,0,0,0,5
QuXLdMTtN,0,0,0,0,1,8
IhYVAWM,1,0,1,0,0,5
AKwZkXQo,1,0,0,1,0,6
UJuyMECi,0,1,1,0,2,4
Gbtsfu,0,0,0,0,1,5
BVzyvQsZ,0,0,0,0,0,8
BraRSgQoJ,1,0,0,1,0,7
vploJR,0,0,0,1,0,5
LXSevYFx,0,1,0,0,0,7
BbtcHoPGe,0,1,0,1,0,7
TnJahit,1,0,1,0,0,5
PdbVaHZk,1,0,0,0,0,7
TgMOYK,0,0,0,1,0,5
WauFHNz,1,0,0,0,1,5
WUEnpky,0,1,0,0,1,5
wMJFEz,0,1,0,0,0,5
NwTvCx,0,0,0,0,0,6
KAUDgC,1,0,0,0,1,4
IdBiLptxG,0,0,2,0,0,7
zLXkjy,0,0,0,0,0,6
JGfSNy,0,0,0,0,0,6
LegfqC,0,1,0,0,0,5
PlAMYNEbri,1,1,1,0,0,7
LzCAqXTJj,1,0,0,0,0,8
dzSWbpieyN,0,1,1,0,0,8
Kfwhsmc,0,0,0,0,0,7
ZoFyue,0,1,0,1,1,3
XrwMGUnS,0,0,0,0,1,7
yYhtEaA,2,1,0,0,0,4
xlSuhyR,0,0,0,0,1,6
lFYEMnH,0,1,0,0,0,6
lmgLBC,0,0,0,0,0,6
KqYbpxrf,0,0,0,0,0,8
cNUsLfrk,0,0,0,0,1,7
lhRtCBT,0,0,0,0,0,7
UJiojAqf,1,0,1,1,1,4
OepXYL,0,1,0,1,0,4
mCxjtN,0,0,0,0,0,6
SyXkPhnJ,0,0,0,0,0,8
TYmtpgHKzA,1,0,0,0,0,9
tJbXPq,0,0,0,0,0,6
uMXWCxHNV,0,0,0,0,1,8
QyTiws,0,0,1,0,0,5
mWtliO,0,0,1,1,0,4
ilPqJBk,0,0,1,0,0,6
tIcMxmSCOQ,0,0,1,1,0,8
bGEsOxhuY,0,1,0,1,1,6
QDigNzIf,0,0,2,0,0,6
rIZOjV,0,0,1,1,0,4
JvHNBQg,0,0,0,0,0,7
gpmMcR,0,0,0,0,0,6
bfdmETqAU,1,1,0,0,1,6
WREqJrz,0,1,0,0,0,6
wSpkmjP,0,0,0,0,0,7
pbzLahvH,1,0,0,0,0,7
ituQTZ,0,0,1,0,1,4
vKQBmJ,0,0,0,0,0,6
iElhvCGef,0,2,1,0,0,6
nhkvYd,0,0,0,0,0,6
Nhsapf,1,0,0,0,0,5
UONRDmc,0,0,0,1,1,5
AExYbp,1,1,0,0,0,4
GXlLIxdPRz,0,0,1,0,0,9
HPTFzbBS,0,0,0,0,0,8
iDUvOH,0,0,1,1,1,3
yCvAZbzd,1,0,0,0,0,7
zDnmyil,0,0,1,0,0,6
OQYxcF,0,0,0,1,0,5
xFgAiRGQ,1,0,1,0,0,6
JYISXwG,0,0,1,0,0,6
FlZhJe,0,1,0,0,0,5
jweMBY,0,1,0,0,0,5
yFAZIcXgu,1,0,1,0,1,6
rykZlDsA,1,0,0,0,0,7
tbAwuL,1,0,0,0,1,4
YiEeup,0,2,1,0,1,2
LmKNEvMqy,0,1,0,0,0,8
kKwTODeXun,0,1,0,1,1,7
tbgXZd,0,0,0,0,0,6
zqVIJw,0,0,1,0,0,5
PxhMUc,0,0,0,0,1,5
exmOGq,0,1,0,1,0,4
qmrUpPDl,0,0,0,0,1,7
kDKapt,1,0,0,0,0,5
EfQqSP,0,1,0,0,0,5
lysnSqB,0,0,0,0,0,7
HqpoetL,0,1,0,1,0,5
Lgcqku,0,0,0,0,1,5
QbRrzFkdOu,0,0,0,1,1,8
VJamDY,1,0,0,0,0,5
FQhqUSrt,0,0,0,0,1,7
oygEwGf,0,1,0,1,0,5
tTSHdu,0,0,0,0,1,5
PUMabjEuO,1,1,0,1,2,4
xkWBYCbFO,0,0,0,1,0,8
KfEtZV,0,1,0,0,0,5
hrQaiB,1,0,1,0,0,4
yDTjvu,0,0,0,0,1,5
SdEqMzI,0,1,1,0,0,5
AUtxliKW,1,0,1,0,1,5
uUOHRXq,0,0,0,1,2,4
EGQXMWx,0,1,0,0,0,6
dGAgBa,2,0,0,0,0,4
iyRYfe,0,1,1,0,0,4
zcKvZX,0,0,0,0,0,6
uyNchXI,0,0,1,0,1,5
DQLviedGf,0,1,1,0,0,7
bfjahF,1,0,0,0,0,5
acbFMh,1,0,0,0,0,5
XIHslFLf,0,0,1,0,0,7
UgdGJV,0,0,0,0,1,5
RGcNCAPbq,1,0,0,0,0,8
JtSRMB,0,0,0,0,0,6
dDSOLf,0,0,0,1,0,5
JjUVBYgtN,0,0,0,0,1,8
dSNcHmBPR,0,0,0,0,0,9
wIQsgbn,0,0,1,0,0,6
uGkJwaV,1,0,0,0,1,5
FWTVckbe,0,1,0,0,0,7
HgYKqo,0,0,0,1,0,5
XOPAWgBbj,1,0,0,1,0,7
IqmKvEyGQ,0,1,1,0,0,7
jzFfMrav,1,0,0,0,0,7
bLuYEe,0,2,0,0,1,3
dMLqvU,0,0,0,0,1,5
iUkylgE,0,1,1,0,1,4
fDArdVEU,1,1,0,0,1,5
sjIVCMF,0,0,1,0,0,6
vPAYfGqT,1,0,0,0,0,7
eLtjpTYOEQ,0,2,0,1,0,7
qyVcNX,0,0,0,0,0,6
UnHEvq,0,1,0,0,1,4
YVqnHh,0,0,0,0,0,6
iLsPOZx,0,0,1,1,0,5
hmdHftqrU,0,0,0,0,1,8
zBGiZCca,1,0,1,0,0,6
NyZuKbBs,0,0,0,0,1,7
IjbKml,0,0,1,0,0,5
CthyBxSpfj,0,0,0,0,0,10
stMmOkh,0,0,0,1,0,6
IZfszkU,0,0,1,0,1,5
EelQCbWp,0,2,0,0,0,6
fasCbO,1,0,0,1,0,4
oxwjXMZiO,0,0,1,2,0,6
GWnfDN,0,0,0,0,0,6
SDJmqN,0,0,0,0,0,6
UYivPGK,0,0,1,0,1,5
WTDdyKmYJ,0,0,0,0,0,9
VMhREOLXj,0,1,0,1,0,7
OTIycC,0,0,1,1,0,4
SUCVJOrK,0,0,0,1,1,6
wHCjIN,0,0,1,0,0,5
BivfQRGYF,0,0,1,0,0,8
FEIyeCGol,0,2,1,1,0,5
ngPrtbufcJ,0,0,0,0,1,9
eUpjknt,0,1,0,0,1,5
KzsgdoPMQ,0,0,0,1,0,8
pAbWnmsjk,1,0,0,0,0,8
LMbzlTH,0,0,0,0,0,7
THFrlMJ,0,0,0,0,0,7
QeykJAx,1,1,0,0,0,5
xJWaAjC,2,0,0,0,0,5
uaqmzGreU,1,1,0,0,2,5
JYfWPsEBip,0,1,1,0,0,8
ZnTVavJi,1,0,1,0,0,6
SIFayD,1,0,1,0,0,4
tavoCOWBew,1,1,0,2,0,6
zuLFbtE,0,1,0,0,1,5
eXfmYWF,0,1,0,0,0,6
aUOJTu,1,0,0,1,2,2
iAJCsE,1,1,1,0,0,3
DAQOwvN,1,0,0,1,0,5
RUQqMrmlHd,0,0,0,0,1,9
IcbDzU,0,0,1,0,1,4
jBJSvA,1,0,0,0,0,5
pTDvBYEKCW,0,1,0,0,0,9
gDCJdP,0,0,0,0,0,6
QkDcmUuvH,0,0,0,0,2,7
DiFtaVObE,1,1,1,1,0,5
wbaytXE,1,1,0,0,0,5
NpcOWf,0,0,0,1,0,5
LkMPjsfg,0,0,0,0,0,8
GTdmwc,0,0,0,0,0,6
lUoJOcDwBM,0,0,0,2,1,7
FZXGzDOCT,0,0,0,1,0,8
JUTvLNC,0,0,0,0,1,6
ZTPbQpXM,0,0,0,0,0,8
rgvhIm,0,0,1,0,0,5
gHOUhj,0,0,0,1,1,4
ckWjidxh,0,0,1,0,0,7
HuCMIpKS,0,0,1,0,1,6
tkLHInY,0,0,1,0,0,6
MeyrsUEm,0,2,0,0,1,5
HVqsJaP,1,0,0,0,0,6
IsbfQEL,0,1,1,0,0,5
gEvQJxHO,0,1,0,1,0,6
RpESwB,0,1,0,0,0,5
stKwJWGHkr,0,0,0,0,0,10
JjRbvHk,0,0,0,0,0,7
GcLIkzX,0,0,1,0,0,6
NbGLwhtY,0,0,0,0,0,8
TVFHiNqRQ,0,0,1,0,0,8
hzKyxf,0,0,0,0,0,6
MVnjAS,1,0,0,0,0,5
lcAUeJTIPg,1,1,1,0,1,6
CenrlFQV,0,1,0,0,0,7
WkYiwsG,0,0,1,0,0,6
noBEJyd,0,1,0,1,0,5
KxcqVTuB,0,0,0,0,1,7
ghwiAlyNU,1,0,1,0,1,6
pTscMF,0,0,0,0,0,6
NIulzb,0,0,1,0,1,4
WCtriOYABy,1,0,1,1,0,7
MFaronRLI,1,0,1,1,0,6
XxUWPkIsu,0,0,1,0,2,6
pJPwfUz,0,0,0,0,1,6
eXiQBfqg,0,1,1,0,0,6
uaoAFJIE,2,1,1,1,1,2
jOtMRky,0,0,0,1,0,6
rXSJVl,0,0,0,0,0,6
iaSJZmhuV,1,0,1,0,1,6
bzMWXJCqpY,0,0,0,0,0,10
qRhWgC,0,0,0,0,0,6
gZONnQyq,0,0,0,1,0,7
AHDZnFp,1,0,0,0,0,6
dQZnfFWIa,1,0,1,0,0,7
gkrRGqJF,0,0,0,0,0,8
cozIMr,0,0,1,1,0,4
uWTBDgln,0,0,0,0,1,7
MftxbR,0,0,0,0,0,6
NqLEvpF,0,1,0,0,0,6
eBiUSgP,0,1,1,0,1,4
PqkbfXt,0,0,0,0,0,7
plNJAmed,1,1,0,0,0,6
aEeFmwDY,1,2,0,0,0,5
mjRqoSa,1,0,0,1,0,5
LoZUPN,0,0,0,1,1,4
WhobNaI,1,0,1,1,0,4
cGpTXE,0,1,0,0,0,5
CNILrEbung,0,1,1,0,1,7
PXUZDV,0,0,0,0,1,5
yYcvgkqU,0,0,0,0,1,7
LMdViFUxmz,0,0,1,0,1,8
laiZcAdM,2,0,1,0,0,5
IoXFNqi,0,0,2,1,0,4
xcJzoer,0,1,0,1,0,5
JYpZiTF,0,0,1,0,0,6
xCLUEIP,0,1,1,0,1,4
gqvCEfTbH,0,1,0,0,0,8
TqihZIJyb,0,0,2,0,0,7
qPdAtOHWMm,1,0,0,1,0,8
XJjrnD,0,0,0,0,0,6
zdJQBUHm,0,0,0,0,1,7
zSsXuxBq,0,0,0,0,1,7
zqSyklLd,0,0,0,0,0,8
CshumoZD,0,0,0,1,1,6
OxnYKpRX,0,0,0,1,0,7
FMBXGgVP,0,0,0,0,0,8
ZYglGz,0,0,0,0,0,6
AaZiyc,2,0,1,0,0,3
mQgWoR,0,0,0,1,0,5
GiNFsYr,0,0,1,0,0,6
iStonA,1,0,1,1,0,3
CfWGRuw,0,0,0,0,1,6
CUnQedby,0,1,0,0,1,6
QZDEcR,0,1,0,0,0,5
AgmIZsTl,1,0,1,0,0,6
dHwztXUAp,1,0,0,0,1,7
LhcaXDYd,1,0,0,0,0,7
ewHlmKkA,1,1,0,0,0,6
ExymPr,0,1,0,0,0,5
zWHPugO,0,0,0,1,1,5
ytEzlsYp,0,1,0,0,0,7
GxLypP,0,0,0,0,0,6
MceQrm,0,1,0,0,0,5
KYcHIMDT,0,0,1,0,0,7
MHNJgdXf,0,0,0,0,0,8
HcXWxRey,0,1,0,0,0,7
QPwOTWBpGh,0,0,0,1,0,9
uPNmIxf,0,0,1,0,1,5
NGTWUb,0,0,0,0,1,5
sJnOzkLp,0,0,0,1,0,7
GcqIRwn,0,0,1,0,0,6
hvxZHLVwT,0,0,0,0,0,9
VmvfkUZRda,1,0,0,0,1,8
viFANEMY,1,1,1,0,0,5
SylPOhdHV,0,0,0,1,0,8
ZcJEVdq,0,1,0,0,0,6
HRqfrmndje,0,1,0,0,0,9
hHaJvY,1,0,0,0,0,5
VGWxLf,0,0,0,0,0,6
ZzedxDo,0,1,0,1,0,5
pdeXgfC,0,1,0,0,0,6
meJACop,1,1,0,1,0,4
OfFYwocyk,0,0,0,2,0,7
mMRsTScL,0,0,0,0,0,8
HBKYZpIJ,0,0,1,0,0,7
xsUQERdg,0,1,0,0,1,6
xfPELrq,0,1,0,0,0,6
NTvzmc,0,0,0,0,0,6
kIxOLciGaU,1,0,2,1,1,5
pUEKca,1,1,0,0,1,3
QfgWystzFh,0,0,0,0,0,10
pZIxhV,0,0,1,0,0,5
oWixqmzKtS,0,0,1,1,0,8
VhHmfN,0,0,0,0,0,6
ghNMVGzOF,0,0,0,1,0,8
dKEQbzJ,0,1,0,0,0,6
AigYhdZco,1,0,1,1,0,6
gHaBWsCRGO,1,0,0,1,0,8
bFuRYLtiT,0,0,1,0,1,7
fAvtJrIQe,1,1,1,0,0,6
dbSIBlA,1,0,1,0,0,5
PuJiLd,0,0,1,0,1,4
ySXkDU,0,0,0,0,1,5
LewZacG,1,1,0,0,0,5
SZRoxN,0,0,0,1,0,5
FMZfnjx,0,0,0,0,0,7
PEWCfxdU,0,1,0,0,1,6
TyWjcvu,0,0,0,0,1,6
MZBEzWnfDF,0,1,0,0,0,9
UVgewaDd,1,1,0,0,1,5
xZplBV,0,0,0,0,0,6
fRGEvULTlD,0,1,0,0,1,8
XPSjQpy,0,0,0,0,0,7
MYknOH,0,0,0,1,0,5
dSEHIimFl,0,1,2,0,0,6
bfxEst,0,1,0,0,0,5
lPEpLisn,0,1,1,0,0,6
ngXRAUpm,1,0,0,0,1,6
DqATcrV,1,0,0,0,0,6
LpCZXUhH,0,0,0,0,1,7
sIdVrZSR,0,0,1,0,0,7
xrHpBbiv,0,0,1,0,0,7
fxLXzKbR,0,0,0,0,0,8
hrcdPfSHx,0,0,0,0,0,9
XZUswgRJP,0,0,0,0,1,8
uBYyhO,0,0,0,1,1,4
ECceaiQL,1,2,1,0,0,4
PoesfJFrl,0,1,0,1,0,7
YcrVPF,0,0,0,0,0,6
efLUpoGbJ,0,1,0,1,1,6
vEzRuOT,0,1,0,1,1,4
erYucRaQd,1,1,0,0,1,6
ObrlixQWez,0,1,1,1,0,7
HngqDUZo,0,0,0,1,1,6
XbMYHocJaA,2,0,0,1,0,7
idvKjnQIH,0,0,2,0,0,7
xzHsPr,0,0,0,0,0,6
tRbIphU,0,0,1,0,1,5
nRmNbIurQi,0,0,2,0,1,7
JaDAEphKQ,2,1,0,0,0,6
qDgJjB,0,0,0,0,0,6
gyCtarGbM,1,0,0,0,0,8
tfHFcP,0,0,0,0,0,6
trfIaGZ,1,0,1,0,0,5
bXgFQlj,0,0,0,0,0,7
yvSKrEzFC,0,1,0,0,0,8
JSxwWhBa,1,0,0,0,0,7
wzNFtvsASx,1,0,0,0,0,9
pGHdnLXws,0,0,0,0,0,9
CYyVIf,0,0,1,0,0,5
oKLrbXlDJ,0,0,0,1,0,8
brKqnG,0,0,0,0,0,6
ezoKqQRCD,0,1,0,1,0,7
IMXZQxg,0,0,1,0,0,6
AxnPwHkB,1,0,0,0,0,7
FXqWaAL,2,0,0,0,0,5
iYKtMHBDZu,0,0,1,0,1,8
lyHZeGSnB,0,1,0,0,0,8
tqDoChBr,0,0,0,1,0,7
COWDkf,0,0,0,1,0,5
LsBAqJR,1,0,0,0,0,6
lcAJQtu,1,0,0,0,1,5
lnvPXN,0,0,0,0,0,6
eEflYFi,0,2,1,0,0,4
BGpEwiR,0,1,1,0,0,5
afVriRJ,1,0,1,0,0,5
rqEZNTMx,0,1,0,0,0,7
qEFbfkynO,0,1,0,1,0,7
DigeRBS,0,1,1,0,0,5
PShovHfl,0,0,0,1,0,7
zFHPAar,2,0,0,0,0,5
qsyXKACL,1,0,0,0,0,7
zBTfPh,0,0,0,0,0,6
ianmXTzL,1,0,1,0,0,6
SvFLsBeAr,1,1,0,0,0,7
aUFRlDo,1,0,0,1,1,4
ouXTIqW,0,0,1,1,1,4
tSXPnIf,0,0,1,0,0,6
eiTEVN,0,2,1,0,0,3
UgtkmywpI,0,0,1,0,1,7
rchTHde,0,1,0,0,0,6
KbhsBtEPe,0,2,0,0,0,7
hUIdcCD,0,0,1,0,1,5
WfNVuUvl,0,0,0,0,2,6
TjnchsQiA,1,0,1,0,0,7
yZeMwjxq,0,1,0,0,0,7
pEVAwK,1,1,0,0,0,4
XvHutyUNS,0,0,0,0,2,7
NKaMmdSxGC,1,0,0,0,0,9
KqxSONstB,0,0,0,1,0,8
ubyOsTpqg,0,0,0,1,1,7
IyRNHeu,0,1,1,0,1,4
YkZlIceKor,0,1,1,1,0,7
cDnOFprwk,0,0,0,1,0,8
fJVlePA,1,1,0,0,0,5
HzLEKwgT,0,1,0,0,0,7
dvfjHCFGk,0,0,0,0,0,9
NDRwcVT,0,0,0,0,0,7
NTKYOB,0,0,0,1,0,5
seEDBAZ,1,2,0,0,0,4
THajKYIqJ,1,0,1,0,0,7
EKIXwYJ,0,1,1,0,0,5
XxpPkv,0,0,0,0,0,6
ULOjnN,0,0,0,1,1,4
cnwtDF,0,0,0,0,0,6
VdWFeaqRK,1,1,0,0,0,7
HBjgQos,0,0,0,1,0,6
QHrCiXBgO,0,0,1,1,0,7
gNafMt,1,0,0,0,0,5
jsQkcSOKdb,0,0,0,1,0,9
dCtEwsy,0,1,0,0,0,6
QgRUFlvDn,0,0,0,0,1,8
cFxIQn,0,0,1,0,0,5
WBIACHR,1,0,1,0,0,5
PuiegNYOUD,0,1,1,1,2,5
GwiWPrL,0,0,1,0,0,6
mjfZbaLi,1,0,1,0,0,6
iPGSpuz,0,0,1,0,1,5
VLyhsd,0,0,0,0,0,6
dmjnKH,0,0,0,0,0,6
sgDkJSKWU,0,0,0,0,1,8
oeiFqd,0,1,1,1,0,3
UrSyNdBah,1,0,0,0,1,7
oMpZeFOIm,0,1,1,2,0,5
FbnQZOMIt,0,0,1,1,0,7
KMElGaCHLo,1,1,0,1,0,7
xRfWcEGp,0,1,0,0,0,7
FgGsXcvH,0,0,0,0,0,8
EDmpQjRT,0,1,0,0,0,7
vFZXaNr,1,0,0,0,0,6
lGSAjfsCLk,1,0,0,0,0,9
RirtTJwDp,0,0,1,0,0,8
LksaVqu,1,0,0,0,1,5
yoCeRtwpMk,0,1,0,1,0,8
ChYpAg,1,0,0,0,0,5
JYSFGuDHM,0,0,0,0,1,8
QcXTpui,0,0,1,0,1,5
RbtHAZV,1,0,0,0,0,6
jYQXKaMUJ,1,0,0,0,1,7
ClZLtv,0,0,0,0,0,6
sZVeupFx,0,1,0,0,1,6
UZsfObe,0,1,0,1,1,4
PEsALpYXeO,1,2,0,1,0,6
GZtPVxy,0,0,0,0,0,7
EixAns,1,1,1,0,0,3
xmMPlt,0,0,0,0,0,6
rKIMxG,0,0,1,0,0,5
RlgNQXr,0,0,0,0,0,7
TkvRtNKfn,0,0,0,0,0,9
dwUnuMms,0,0,0,0,2,6
itsfAPJ,1,0,1,0,0,5
YzRanIoc,1,0,1,1,0,5
GOxfdg,0,0,0,1,0,5
DQOHBIAh,1,0,1,1,0,5
uQmhUCp,0,0,0,0,2,5
cBCIba,1,0,1,0,0,4
nSuUCtw,0,0,0,0,2,5
fInSLhPw,0,0,1,0,0,7
YsrNfZlp,0,0,0,0,0,8
ioGZmX,0,0,1,1,0,4
NZMJzf,0,0,0,0,0,6
JELRPcl,0,1,0,0,0,6
oEIDbv,0,1,1,1,0,3
fhYvmqDdX,0,0,0,0,0,9
tuVfdK,0,0,0,0,1,5
iARTJoe,1,1,1,1,0,3
CxViQrS,0,0,1,0,0,6
YkMuCXfVI,0,0,1,0,1,7
YroQSpxc,0,0,0,1,0,7
BaPGdZqHng,1,0,0,0,0,9
UZnVGrf,0,0,0,0,1,6
RQmnzZTIN,0,0,1,0,0,8
vzhqAUW,1,0,0,0,1,5
MQXjBzoG,0,0,0,1,0,7
GvCwIJWtLO,0,0,1,1,0,8
pzqKYoAm,1,0,0,1,0,6
GSmhrRT,0,0,0,0,0,7
mHSpnXt,0,0,0,0,0,7
QfnqVi,0,0,1,0,0,5
QbEStf,0,1,0,0,0,5
KRtbPdgz,0,0,0,0,0,8
NiWCwVrI,0,0,2,0,0,6
UCphtzKw,0,0,0,0,1,7
pZnzut,0,0,0,0,1,5
eDPpmUf,0,1,0,0,1,5
kouWmSn,0,0,0,1,1,5
bVgnkv,0,0,0,0,0,6
iBnkWoPcd,0,0,1,1,0,7
wODtoK,0,0,0,2,0,4
WnCJfc,0,0,0,0,0,6
jSfGtIF,0,0,1,0,0,6
cDwuvmV,0,0,0,0,1,6
LcilxBMHO,0,0,1,1,0,7
LJpORIqv,0,0,1,1,0,6
Jtkjre,0,1,0,0,0,5
IGeyxuFp,0,1,1,0,1,5
BJxfAKPrR,1,0,0,0,0,8
XfsBgvh,0,0,0,0,0,7
JDdKaYMhEu,1,1,0,0,1,7
eFKZba,1,1,0,0,0,4
NLRxgWB,0,0,0,0,0,7
RvfByomXU,0,0,0,1,1,7
XUDjVzEOh,0,1,0,1,1,6
OuLQmDdk,0,0,0,1,1,6
eDMBJdoHz,0,1,0,1,0,7
RXySfrEG,0,1,0,0,0,7
JYQtDg,0,0,0,0,0,6
kvTErSR,0,1,0,0,0,6
KoeMsGQ,0,1,0,1,0,5
wModSticY,0,0,1,1,0,7
WAvcxi,1,0,1,0,0,4
SdGiro,0,0,1,1,0,4
DnyJubl,0,0,0,0,1,6
eLTnJjYb,0,1,0,0,0,7
qPyhGbDnk,0,0,0,0,0,9
IBVKGSA,1,0,1,0,0,5
wQdJOF,0,0,0,1,0,5
DlQqtcehLN,0,1,0,0,0,9
AfoUiZ,1,0,1,1,1,2
NHOEjxpUi,0,1,1,1,1,5
bYxhQd,0,0,0,0,0,6
qKYdtRs,0,0,0,0,0,7
BRHNUxL,0,0,0,0,1,6
CSLsTdj,0,0,0,0,0,7
uvYAjqEn,1,1,0,0,1,5
lIQBASWE,1,1,1,0,0,5
DKjwzUXeEd,0,2,0,0,1,7
HLNrVDwqUx,0,0,0,0,1,9
yqksSLghbw,0,0,0,0,0,10
dJWKbMo,0,0,0,1,0,6
HDOKqFLaMA,2,0,0,1,0,7
YaIsSdKbPZ,1,0,1,0,0,8
OPBuHAN,1,0,0,1,1,4
VpJMmt,0,0,0,0,0,6
sLYqezM,0,1,0,0,0,6
ZXsvxBWSla,1,0,0,0,0,9
HImwUy,0,0,1,0,1,4
lYsSGp,0,0,0,0,0,6
uacZoGlPSI,1,0,1,1,1,6
jQOrwLsdY,0,0,0,1,0,8
PKHodblq,0,0,0,1,0,7
BvIJqV,0,0,1,0,0,5
PWKHkGy,0,0,0,0,0,7
dqwBsYc,0,0,0,0,0,7
klfqNwzixQ,0,0,1,0,0,9
xAqLfGwJ,1,0,0,0,0,7
uaQxdyKLE,1,1,0,0,1,6
VFMxPTrm,0,0,0,0,0,8
GbURLuJq,0,0,0,0,2,6
wHyYGvQRb,0,0,0,0,0,9
fpiBFqa,1,0,1,0,0,5
jUwzDTiV,0,0,1,0,1,6
EAwOYcUP,1,1,0,1,1,4
OIyDsk,0,0,1,1,0,4
YbPslQaK,1,0,0,0,0,7
hLqwbSG,0,0,0,0,0,7
YChDjXiHI,0,0,2,0,0,7
LsdeBtl,0,1,0,0,0,6
PkhGRWudO,0,0,0,1,1,7
OrPxHG,0,0,0,1,0,5
MlBqeCDL,0,1,0,0,0,7
dtpEwnW,0,1,0,0,0,6
lVeRosZ,0,1,0,1,0,5
qiJDtdl,0,0,1,0,0,6
cILpzr,0,0,1,0,0,5
rPjVhQ,0,0,0,0,0,6
KlCAfs,1,0,0,0,0,5
gPBqeZ,0,1,0,0,0,5
reiCxlG,0,1,1,0,0,5
FBGnlEb,0,1,0,0,0,6
PdslxUF,0,0,0,0,1,6
HWNTIRJz,0,0,1,0,0,7
TYzjGumViM,0,0,1,0,1,8
CIwdRJK,0,0,1,0,0,6
WLOverq,0,1,0,1,0,5
aBJyYZP,1,0,0,0,0,6
riFKTg,0,0,1,0,0,5
FUZhAWuRI,1,0,1,0,2,5
GEKVlnAy,1,1,0,0,0,6
rYNmvI,0,0,1,0,0,5
cwVYoSO,0,0,0,2,0,5
guMTHwy,0,0,0,0,1,6
omYSUkgj,0,0,0,1,1,6
ymkRrZ,0,0,0,0,0,6
NGkqIKn,0,0,1,0,0,6
GhRFfKIp,0,0,1,0,0,7
XREWria,1,1,1,0,0,4
amRdxSf,1,0,0,0,0,6
OLAnRjsxha,2,0,0,1,0,7
gdDrNP,0,0,0,0,0,6
wMdROlc,0,0,0,1,0,6
bylSEgoFIM,0,1,1,1,0,7
HkoDiB,0,0,1,1,0,4
olQFPf,0,0,0,1,0,5
tqeSYkGUB,0,1,0,0,1,7
XrnSFtcYvK,0,0,0,0,0,10
tJomvinQ,0,0,1,1,0,6
PKIyLc,0,0,1,0,0,5
posFiKUDL,0,0,1,1,1,6
MYxzNQPh,0,0,0,0,0,8
RYFbISEMQ,0,1,1,0,0,7
bjoYraBg,1,0,0,1,0,6
vtUgsAbQ,1,0,0,0,1,6
pilznIuo,0,0,2,1,1,4
sgcbiz,0,0,1,0,0,5
EZyPXCDR,0,1,0,0,0,7
yWVpEIau,1,1,1,0,1,4
yftilFE,0,1,1,0,0,5
SdHgOsmRu,0,0,0,1,1,7
oicmlD,0,0,1,1,0,4
PRoFnAuaM,2,0,0,1,1,5
SNQqDY,0,0,0,0,0,6
liDWvtk,0,0,1,0,0,6
gAKJzQIf,1,0,1,0,0,6
ufnhXoac,1,0,0,1,1,5
HVsMrfAhtw,1,0,0,0,0,9
jmsVyGe,0,1,0,0,0,6
DeshPMSvp,0,1,0,0,0,8
akcGMCs,1,0,0,0,0,6
tDSzrXVI,0,0,1,0,0,7
xosnUZ,0,0,0,1,1,4
CiekmlWAb,1,1,1,0,0,6
tfFKvd,0,0,0,0,0,6
GgIKrk,0,0,1,0,0,5
opCsgABD,1,0,0,1,0,6
mwkGNn,0,0,0,0,0,6
BPhNfV,0,0,0,0,0,6
IWqzME,0,1,1,0,0,4
NyAujRGF,1,0,0,0,1,6
RinFhv,0,0,1,0,0,5
fjZoYmRlb,0,0,0,1,0,8
MSqYbRE,0,1,0,0,0,6
NHLlijd,0,0,1,0,0,6
onGYisE,0,1,1,1,0,4
CdNeLXDcbZ,0,1,0,0,0,9
bgLGoywa,1,0,0,1,0,6
ATcQksYOB,1,0,0,1,0,7
lijCARsbwt,1,0,1,0,0,8
qynkiv,0,0,1,0,0,5
WCSgcZtmL,0,0,0,0,0,9
UfBuogrvT,0,0,0,1,2,6
fENirPX,0,1,1,0,0,5
jaXyYIg,1,0,1,0,0,5
IzSGxnM,0,0,1,0,0,6
cNSdDPxIM,0,0,1,0,0,8
zdEtpTRO,0,1,0,1,0,6
CQZpIRdPFz,0,0,1,0,0,9
NiIBTRu,0,0,2,0,1,4
gtAFkD,1,0,0,0,0,5
oDlWSTpGOg,0,0,0,2,0,8
kEyCojJ,0,1,0,1,0,5
cEBSRJe,0,2,0,0,0,5
VUixkPpdmX,0,0,1,0,1,8
eUDfsoipb,0,1,1,1,1,5
xDilHqF,0,0,1,0,0,6
PgGqSr,0,0,0,0,0,6
jEvfpe,0,2,0,0,0,4
gFXDmuSy,0,0,0,0,1,7
wvrcKn,0,0,0,0,0,6
iRWKZx,0,0,1,0,0,5
DQMnYJC,0,0,0,0,0,7
wdAYxiS,1,0,1,0,0,5
CMIAeNc,1,1,1,0,0,4
ugSCiPjDb,0,0,1,0,1,7
PBqmds,0,0,0,0,0,6
SVmsFe,0,1,0,0,0,5
TcxflZ,0,0,0,0,0,6
gvaedf,1,1,0,0,0,4
yoLxMcKwCJ,0,0,0,1,0,9
GCvbDsxwq,0,0,0,0,0,9
vQsmzS,0,0,0,0,0,6
nBEtNxmVD,0,1,0,0,0,8
CnhYLNG,0,0,0,0,0,7
WjFuzH,0,0,0,0,1,5
nGNlFAOBd,1,0,0,1,0,7
UGxXRb,0,0,0,0,1,5
pbIMWPie,0,1,2,0,0,5
IqmfHr,0,0,1,0,0,5
QHvFVOkZ,0,0,0,1,0,7
yFHsYAJqMK,1,0,0,0,0,9
RmwfFlytv,0,0,0,0,0,9
cfWTOzPU,0,0,0,1,1,6
KhFzEsUP,0,1,0,0,1,6
aRjkJUnelp,1,1,0,0,1,7
hkNFLl,0,0,0,0,0,6
ofFkWdXK,0,0,0,1,0,7
rzKexJVm,0,1,0,0,0,7
NKjSnhOw,0,0,0,1,0,7
apPAMX,2,0,0,0,0,4
JWHYuahf,1,0,0,0,1,6
DQwTMkqz,0,0,0,0,0,8
DlREOT,0,1,0,1,0,4
hqINwLKQda,1,0,1,0,0,8
YmTILcve,0,1,1,0,0,6
oGcQdC,0,0,0,1,0,5
jYnVUxSQ,0,0,0,0,1,7
zhHGifMD,0,0,1,0,0,7
kJbyrST,0,0,0,0,0,7
bdIYwZcys,0,0,1,0,0,8
RnGESoUHx,0,1,0,1,1,6
mMyXUpT,0,0,0,0,1,6
fVaMmjsBIP,1,0,1,0,0,8
ERhPJgju,0,1,0,0,1,6
icDCvEJL,0,1,1,0,0,6
qMvZwkA,1,0,0,0,0,6
vAzDqU,1,0,0,0,1,4
piQDVgAR,1,0,1,0,0,6
kyrJdGKu,0,0,0,0,1,7
rEMvSGdkY,0,1,0,0,0,8
hVCRajx,1,0,0,0,0,6
GyRCVH,0,0,0,0,0,6
hTgDetW,0,1,0,0,0,6
MNnFhfGY,0,0,0,0,0,8
fkhALip,1,0,1,0,0,5
IMcFNx,0,0,1,0,0,5
AEQTmpRDs,1,1,0,0,0,7
garDuZR,1,0,0,0,1,5
VOWJlIH,0,0,1,1,0,5
wvkMUlr,0,0,0,0,1,6
FbZlCkDhqI,0,0,1,0,0,9
dkuSxBWDC,0,0,0,0,1,8
OEZkFbWio,0,1,1,2,0,5
ekBgZQCG,0,1,0,0,0,7
wGWgKSJ,0,0,0,0,0,7
FmPfZV,0,0,0,0,0,6
JOCLKZExPF,0,1,0,1,0,8
CohlKwTmD,0,0,0,1,0,8
qKNujECAc,1,1,0,0,1,6
lHmNSJ,0,0,0,0,0,6
JDpnvLwH,0,0,0,0,0,8
Abizvw,1,0,1,0,0,4
JlUKyBD,0,0,0,0,1,6
ZJEqVv,0,1,0,0,0,5
aHzMjIye,1,1,1,0,0,5
tWGPnewUF,0,1,0,0,1,7
cBXJDIP,0,0,1,0,0,6
zEcjaCT,1,1,0,0,0,5
WSikyhrYQ,0,0,1,0,0,8
JwOLYqFBa,1,0,0,1,0,7
YBNLjDblAy,1,0,0,0,0,9
XTYydmQH,0,0,0,0,0,8
ezIRXTS,0,1,1,0,0,5
ROWtQNh,0,0,0,1,0,6
aMnspA,2,0,0,0,0,4
KfYmxUIu,0,0,1,0,2,5
taKMREjUO,1,1,0,1,1,5
LwKCoZ,0,0,0,1,0,5
otWOSVRH,0,0,0,2,0,6
sDMjcBK,0,0,0,0,0,7
arexAHCtXk,2,1,0,0,0,7
uARshZ,1,0,0,0,1,4
iDaxpEuO,1,1,1,1,1,3
sBljvw,0,0,0,0,0,6
wouXnsP,0,0,0,1,1,5
SnNDYiv,0,0,1,0,0,6
bheStI,0,1,1,0,0,4
wZfqikL,0,0,1,0,0,6
pvxdUHk,0,0,0,0,1,6
ZGXBkOhJqo,0,0,0,2,0,8
FvKydXS,0,0,0,0,0,7
pOqGrTBx,0,0,0,1,0,7
ozieGrsWy,0,1,1,1,0,6
jKxIvDaTl,1,0,1,0,0,7
legGRrWk,0,1,0,0,0,7
BmqpSxoIt,0,0,1,1,0,7
fFGoSq,0,0,0,1,0,5
bRpJUdEjw,0,1,0,0,1,7
hxJrKue,0,1,0,0,1,5
fpDCRH,0,0,0,0,0,6
lAMJSVp,1,0,0,0,0,6
VeDqnPXzGs,0,1,0,0,0,9
oIpOnWx,0,0,1,2,0,4
gpRMSfbWnt,0,0,0,0,0,10
ROtKUgeGFb,0,1,0,1,1,7
fUWMLHmeDE,0,2,0,0,1,7
xRlPnoz,0,0,0,1,0,6
oTJYAqmvwd,1,0,0,1,0,8
yDovLAEmYP,1,1,0,1,0,7
DXaHZiAU,2,0,1,0,1,4
BOPYXRGuIn,0,0,1,1,1,7
iVyTZN,0,0,1,0,0,5
ViNfOKLlzC,0,0,1,1,0,8
DRjNoCy,0,0,0,1,0,6
vYkajLC,1,0,0,0,0,6
Avlxrj,1,0,0,0,0,5
ejVBgcH,0,1,0,0,0,6
qykjVtZ,0,0,0,0,0,7
olLSxcaC,1,0,0,1,0,6
upTDwMYKcm,0,0,0,0,1,9
QekJUv,0,1,0,0,1,4
mfzHhgRdyq,0,0,0,0,0,10
AtUkODeV,1,1,0,1,1,4
NGKUFP,0,0,0,0,1,5
xcBCyo,0,0,0,1,0,5
qMETvtbKU,0,1,0,0,1,7
LuzCGI,0,0,1,0,1,4
teJDaY,1,1,0,0,0,4
WvsNRwcA,1,0,0,0,0,7
AgzBmXu,1,0,0,0,1,5
eKfiREH,0,2,1,0,0,4
PkLQXuSMa,1,0,0,0,1,7
RkrnXg,0,0,0,0,0,6
mYJioQyr,0,0,1,1,0,6
iGkEoBH,0,1,1,1,0,4
zkcuCKe,0,1,0,0,1,5
qJRiUph,0,0,1,0,1,5
PJEKfHi,0,1,1,0,0,5
OZtjzBN,0,0,0,1,0,6
BnCOwHxRE,0,1,0,1,0,7
EomhlDz,0,1,0,1,0,5
ETDZoJA,1,1,0,1,0,4
WGzXfpYUwB,0,0,0,0,1,9
BprRJAuy,1,0,0,0,1,6
jKfHpYD,0,0,0,0,0,7
WIGoEg,0,1,1,1,0,3
pHbjwZSJq,0,0,0,0,0,9
aXDGynMZ,1,0,0,0,0,7
cpABzuICx,1,0,1,0,1,6
NCEmcu,0,1,0,0,1,4
XJeGuD,0,1,0,0,1,4
vikOYNHrt,0,0,1,1,0,7
SbIpxokmuv,0,0,1,1,1,7
dkcZVOeos,0,1,0,2,0,6
IMtpXK,0,0,1,0,0,5
dIhDiKtEUY,0,1,2,0,1,6
hNSmiKr,0,0,1,0,0,6
xfoLEsMGyn,0,1,0,1,0,8
liFAMQ,1,0,1,0,0,4
hwLWbalmM,1,0,0,0,0,8
CpRedj,0,1,0,0,0,5
KGLsSIk,0,0,1,0,0,6
YDuQBFr,0,0,0,0,1,6
egAZXF,1,1,0,0,0,4
ITbXxgv,0,0,1,0,0,6
oKpESfFCPY,0,1,0,1,0,8
KUyJXplNg,0,0,0,0,1,8
eFzBQucl,0,1,0,0,1,6
wxMAfk,1,0,0,0,0,5
jhVCKaO,1,0,0,1,0,5
lRvUBX,0,0,0,0,1,5
cwgJFrjq,0,0,0,0,0,8
ZAYcufs,1,0,0,0,1,5
CtHapFcDM,1,0,0,0,0,8
PqcFpXKh,0,0,0,0,0,8
zojgmcrL,0,0,0,1,0,7
NtKiLorbEC,0,1,1,1,0,7
ymFvdo,0,0,0,1,0,5
aPqimAclth,2,0,1,0,0,7
UsdhKZ,0,0,0,0,1,5
XcQmyTIPGF,0,0,1,0,0,9
XYlNVSe,0,1,0,0,0,6
oDxgZR,0,0,0,1,0,5
ouOGqtAQ,1,0,0,2,1,4
lKmZbI,0,0,1,0,0,5
YhAiFEy,1,1,1,0,0,4
MHbTiFaqf,1,0,1,0,0,7
rnyEgc,0,1,0,0,0,5
gzbLWqlj,0,0,0,0,0,8
wOLskt,0,0,0,1,0,5
wYBKVe,0,1,0,0,0,5
ODzfCc,0,0,0,1,0,5
xASKXqgOC,1,0,0,1,0,7
KmxPOW,0,0,0,1,0,5
ANzJpTaH,2,0,0,0,0,6
bKgWnASpjL,1,0,0,0,0,9
xJsjnSlLoV,0,0,0,1,0,9
DCBurdUbXR,0,0,0,0,2,8
mgJEUw,0,1,0,0,1,4
tbXkrJI,0,0,1,0,0,6
EUhgRa,1,1,0,0,1,3
fNuMTCberG,0,1,0,0,1,8
lxyGiCUFY,0,0,1,0,1,7
KijnmzJq,0,0,1,0,0,7
bwpmgQEk,0,1,0,0,0,7
zTbmnK,0,0,0,0,0,6
JvsoUZ,0,0,0,1,1,4
LjwFnClxG,0,0,0,0,0,9
XHSlNkKxIc,0,0,1,0,0,9
mWhINs,0,0,1,0,0,5
rEpUNoq,0,1,0,1,1,4
WKUiyN,0,0,1,0,1,4
QnUAzrm,1,0,0,0,1,5
CZIDiRQLU,0,0,2,0,1,6
tfvNPzHb,0,0,0,0,0,8
PVgclNfvK,0,0,0,0,0,9
timFyI,0,0,2,0,0,4
WYTAtBP,1,0,0,0,0,6
CtGlRWF,0,0,0,0,0,7
IFaxAwm,2,0,1,0,0,4
EiAoXF,1,1,1,1,0,2
LPuHfd,0,0,0,0,1,5
bxHJvesgw,0,1,0,0,0,8
UcgdWs,0,0,0,0,1,5
MOGpPjwQS,0,0,0,1,0,8
qUlgIy,0,0,1,0,1,4
vlSXRFBbNE,0,1,0,0,0,9
LABgcY,1,0,0,0,0,5
oVnhdUx,0,0,0,1,1,5
fzhHVamLOo,1,0,0,2,0,7
AieqMspj,1,1,1,0,0,5
LvlmsTUGB,0,0,0,0,1,8
iVpxHKCDG,0,0,1,0,0,8
MpsIzDb,0,0,1,0,0,6
zrHVcEN,0,1,0,0,0,6
PLVJRQoql,0,0,0,1,0,8
qCucLQo,0,0,0,1,1,5
dReKzQLls,0,1,0,0,0,8
bQxNaEwCSM,1,1,0,0,0,8
VTzxDwvQ,0,0,0,0,0,8
eGvYNTgSF,0,1,0,0,0,8
trpAKxB,1,0,0,0,0,6
gTmnhpvXHa,1,0,0,0,0,9
fpVYncq,0,0,0,0,0,7
uqfTCn,0,0,0,0,1,5
QYgsNWn,0,0,0,0,0,7
oKqEPI,0,1,1,1,0,3
MhSYtfCqP,0,0,0,0,0,9
cEZDTwpP,0,1,0,0,0,7
NLTYAO,1,0,0,1,0,4
dTCHsbI,0,0,1,0,0,6
emAUYjS,1,1,0,0,1,4
AwbQIrTJ,1,0,1,0,0,6
XHuLDv,0,0,0,0,1,5
kumVWiCoE,0,1,1,1,1,5
QeRAiOEghK,1,2,1,1,0,5
uFOWbqV,0,0,0,1,1,5
AUwqIC,1,0,1,0,1,3
kJwcPod,0,0,0,1,0,6
ZGbuFc,0,0,0,0,1,5
EPAvHML,1,1,0,0,0,5
rKxYuM,0,0,0,0,1,5
JRvnyP,0,0,0,0,0,6
VadclES,1,1,0,0,0,5
UPaIHCxMK,1,0,1,0,1,6
znGIrp,0,0,1,0,0,5
bJDAHd,1,0,0,0,0,5
qtGAoJXel,1,1,0,1,0,6
zkABuwIN,1,0,1,0,1,5
MtYWaCi,1,0,1,0,0,5
jYuKmX,0,0,0,0,1,5
KPhSFOREt,0,1,0,1,0,7
gfiYljEha,1,1,1,0,0,6
IciKeRP,0,1,2,0,0,4
ufMnig,0,0,1,0,1,4
VyvrmRGIh,0,0,1,0,0,8
GToNixXP,0,0,1,1,0,6
ZLtWcgERNo,0,1,0,1,0,8
eHZyBVP,0,1,0,0,0,6
ZcBAkO,1,0,0,1,0,4
DuMUJmno,0,0,0,1,2,5
HVTIAlSj,1,0,1,0,0,6
eIfPjV,0,1,1,0,0,4
XnvsxNy,0,0,0,0,0,7
hbkldA,1,0,0,0,0,5
ndpmPjQMU,0,0,0,0,1,8
zaELvxX,1,1,0,0,0,5
osgxeOE,0,2,0,2,0,3
MenRNaoTj,1,1,0,1,0,6
OVywzmKqQ,0,0,0,1,0,8
iQhBjfFGlr,0,0,1,0,0,9
tZejOlBEY,0,2,0,1,0,6
mXGfeEMD,0,2,0,0,0,6
lfKjyZRprF,0,0,0,0,0,10
CQwMqLV,0,0,0,0,0,7
MNRETsitmC,0,1,1,0,0,8
rafcXRh,1,0,0,0,0,6
xFocKu,0,0,0,1,1,4
VTXupUN,0,0,0,0,2,5
cBdMlNJwt,0,0,0,0,0,9
BwtJbZnYus,0,0,0,0,1,9
xDRykV,0,0,0,0,0,6
ABnrTmV,1,0,0,0,0,6
SmuaUkRe,1,1,0,0,2,4
tBGeWlKwd,0,1,0,0,0,8
fScalv,1,0,0,0,0,5
RJjmoUWws,0,0,0,1,1,7
UYjuCvbpP,0,0,0,0,2,7
anDgLl,1,0,0,0,0,5
pnxRbkdW,0,0,0,0,0,8
igmWzS,0,0,1,0,0,5
SKiNjyzWkH,0,0,1,0,0,9
LGkxIsKpCn,0,0,1,0,0,9
YpgSVaL,1,0,0,0,0,6
YsGxIqb,0,0,1,0,0,6
isBDCI,0,0,2,0,0,4
XrREmdxTh,0,1,0,0,0,8
vprwIKmHqF,0,0,1,0,0,9
UJAvDy,1,0,0,0,1,4
zypkADlF,1,0,0,0,0,7
oPDezL,0,1,0,1,0,4
nItxGCmFBw,0,0,1,0,0,9
FWPolSO,0,0,0,2,0,5
xjKENmDX,0,1,0,0,0,7
JwzhAQbH,1,0,0,0,0,7
TFZHeryC,0,1,0,0,0,7
rPpZzkqI,0,0,1,0,0,7
rWAPSR,1,0,0,0,0,5
PCTfpsmz,0,0,0,0,0,8
DvZwYFG,0,0,0,0,0,7
hMuAGC,1,0,0,0,1,4
wgbXTs,0,0,0,0,0,6
IiqEjCX,0,1,2,0,0,4
tpqNkGDb,0,0,0,0,0,8
nYtjvafQA,2,0,0,0,0,7
dkPbSfw,0,0,0,0,0,7
oEYaecNZn,1,2,0,1,0,5
wxpZHEo,0,1,0,1,0,5
FQzfNWJCK,0,0,0,0,0,9
ZUsYeVXHPm,0,1,0,0,1,8
esUzEB,0,2,0,0,1,3
gbZKjEYX,0,1,0,0,0,7
NvcUAhsyp,1,0,0,0,1,7
DQATUj,1,0,0,0,1,4
cIwfBv,0,0,1,0,0,5
hoKbcO,0,0,0,2,0,4
UJpxrq,0,0,0,0,1,5
QhjZzu,0,0,0,0,1,5
uzkEnIi,0,1,2,0,1,3
TZVpjYiyn,0,0,1,0,0,8
MHyPOrv,0,0,0,1,0,6
RBFJkG,0,0,0,0,0,6
WbQCIwRL,0,0,1,0,0,7
zdNSlkjmXa,1,0,0,0,0,9
jldSBM,0,0,0,0,0,6
WSKHmueB,0,1,0,0,1,6
mHRVZdDuL,0,0,0,0,1,8
aUTHtIpW,1,0,1,0,1,5
KSNmaTHw,1,0,0,0,0,7
BTtgiC,0,0,1,0,0,5
mwjpFx,0,0,0,0,0,6
TzMcgZ,0,0,0,0,0,6
VQauxLro,1,0,0,1,1,5
EDFnhso,0,1,0,1,0,5
wlEQPMRs,0,1,0,0,0,7
FRPLelr,0,1,0,0,0,6
usDrWb,0,0,0,0,1,5
MBSFiKb,0,0,1,0,0,6
zQimZaks,1,0,1,0,0,6
WfEpVNvxK,0,1,0,0,0,8
gnvFANDrJ,1,0,0,0,0,8
vZXfeg,0,1,0,0,0,5
rnKvkwTEC,0,1,0,0,0,8
abJDwuv,1,0,0,0,1,5
tszTXliJ,0,0,1,0,0,7
NdDhrZu,0,0,0,0,1,6
sJorwbIa,1,0,1,1,0,5
pcfjhIi,0,0,2,0,0,5
bjGPvUIr,0,0,1,0,1,6
pgKyqZkBM,0,0,0,0,0,9
HjbBvyi,0,0,1,0,0,6
szHhdgkTO,0,0,0,1,0,8
ieNfVyo,0,1,1,1,0,4
svetcYxND,0,1,0,0,0,8
oYWGcZx,0,0,0,1,0,6
kcvLeEu,0,2,0,0,1,4
QEzTyIUh,0,1,1,0,1,5
cOmZRGS,0,0,0,1,0,6
GfoRZyLzQ,0,0,0,1,0,8
NUZVbx,0,0,0,0,1,5
jZYVGtPe,0,1,0,0,0,7
DjJcIrmC,0,0,1,0,0,7
FLxJPO,0,0,0,1,0,5
uNQhnwJK,0,0,0,0,1,7
tTEWZe,0,2,0,0,0,4
EozUjR,0,1,0,1,1,3
jfGrNocAO,1,0,0,2,0,6
xEPaNMiX,1,1,1,0,0,5
QGcZKrSqV,0,0,0,0,0,9
GqrMHQ,0,0,0,0,0,6
eijSWR,0,1,1,0,0,4
RwUmBK,0,0,0,0,1,5
fLQiRxCcuy,0,0,1,0,1,8
APzrxjV,1,0,0,0,0,6
EPeobM,0,2,0,1,0,3
dIWjruqfkY,0,0,1,0,1,8
VTWdcmKhsA,1,0,0,0,0,9
tghoJO,0,0,0,2,0,4
IiBGlnp,0,0,2,0,0,5
AuKEyHUC,1,1,0,0,2,4
qUSkoe,0,1,0,1,1,3
zMHgJnfvpd,0,0,0,0,0,10
badfBvQ,1,0,0,0,0,6
YQNUvex,0,1,0,0,1,5
WoZqanr,1,0,0,1,0,5
QknMZpL,0,0,0,0,0,7
tFTJGWQAPp,1,0,0,0,0,9
KxeBuz,0,1,0,0,1,4
GCoOMmTiHs,0,0,1,2,0,7
IpoydBc,0,0,1,1,0,5
zNVRfoH,0,0,0,1,0,6
oIeiRDUB,0,1,2,1,1,3
FBPwtQp,0,0,0,0,0,7
nsSdqf,0,0,0,0,0,6
RYbjSNiq,0,0,1,0,0,7
ZkzNmJsK,0,0,0,0,0,8
LxHZzygY,0,0,0,0,0,8
JGWwPSHyXi,0,0,1,0,0,9
FxaVwJl,1,0,0,0,0,6
dTZfYADnxF,1,0,0,0,0,9
OMrRCB,0,0,0,1,0,5
wHQfDWUj,0,0,0,0,1,7
kRlCoIjsr,0,0,1,1,0,7
SRmEnji,0,1,1,0,0,5
hbjgtw,0,0,0,0,0,6
biXonHCy,0,0,1,1,0,6
cvgVWPia,1,0,1,0,0,6
nTjzmtMS,0,0,0,0,0,8
vHedTE,0,2,0,0,0,4
MrJykmPS,0,0,0,0,0,8
MRwArVNHu,1,0,0,0,1,7
WkQZGfvs,0,0,0,0,0,8
isYESMbm,0,1,1,0,0,6
fTxHziM,0,0,1,0,0,6
RxbBWQ,0,0,0,0,0,6
yrTcVz,0,0,0,0,0,6
jDHXKfCJVs,0,0,0,0,0,10
zeUsAfi,1,1,1,0,1,3
FsBMmUf,0,0,0,0,1,6
uySjRmV,0,0,0,0,1,6
KiatEzAmO,2,1,1,1,0,4
krKyHM,0,0,0,0,0,6
dTrfBaLM,1,0,0,0,0,7
sKAWQu,1,0,0,0,1,4
cXMeJQWBz,0,1,0,0,0,8
TLFnYKWodu,0,0,0,1,1,8
uDOlKCvi,0,0,1,1,1,5
sTiIXGFq,0,0,2,0,0,6
icRAGEhfz,1,1,1,0,0,6
KupvTbzGd,0,0,0,0,1,8
gZAwULY,1,0,0,0,1,5
buOcNGTipV,0,0,1,1,1,7
shDdRv,0,0,0,0,0,6
CIRgjW,0,0,1,0,0,5
dQTLoas,1,0,0,1,0,5
lqBdxmGZ,0,0,0,0,0,8
fDGMCBVo,0,0,0,1,0,7
EaKZoFsD,1,1,0,1,0,5
bsvSZE,0,1,0,0,0,5
TjQhnqfu,0,0,0,0,1,7
rbeRwlc,0,1,0,0,0,6
aSCqyM,1,0,0,0,0,5
UNKTWjXb,0,0,0,0,1,7
sNbXhkP,0,0,0,0,0,7
QWoTGHK,0,0,0,1,0,6
exEAiVs,1,2,1,0,0,3
mXonDe,0,1,0,1,0,4
YkxPIj,0,0,1,0,0,5
HnORyWSoJ,0,0,0,2,0,7
gFVGrobMW,0,0,0,1,0,8
WJifAXFLN,1,0,1,0,0,7
zYbHrdRA,1,0,0,0,0,7
Ddbmgzp,0,0,0,0,0,7
arSqCA,2,0,0,0,0,4
DhozJN,0,0,0,1,0,5
UbVutAR,1,0,0,0,2,4
WuKvCT,0,0,0,0,1,5
EQVPmqyT,0,1,0,0,0,7
FaCyfrNi,1,0,1,0,0,6
VLrhXtClQY,0,0,0,0,0,10
DzEUitvM,0,1,1,0,1,5
fPYxRgiFc,0,0,1,0,0,8
uwZYOA,1,0,0,1,1,3
XTCveuayp,1,1,0,0,1,6
UIEFuy,0,1,1,0,2,2
OYPMdyLkA,1,0,0,1,0,7
orhfYMAFZ,1,0,0,1,0,7
nJDxHPX,0,0,0,0,0,7
JlOetTBfID,0,1,1,1,0,7
gIVFaTMU,1,0,1,0,1,5
lqTIcSkXon,0,0,1,1,0,8
wfvxORuX,0,0,0,1,1,6
uEhwFoiH,0,1,1,1,1,4
kDCZmvlJM,0,0,0,0,0,9
JLPsBRVnar,1,0,0,0,0,9
MgJkRDc,0,0,0,0,0,7
gesOuN,0,1,0,1,1,3
MKumEIs,0,1,1,0,1,4
PBLNRg,0,0,0,0,0,6
yQrfKZNgzD,0,0,0,0,0,10
AIqQbdgY,1,0,1,0,0,6
qkSKJtvF,0,0,0,0,0,8
VIRXONwi,0,0,2,1,0,5
PvVcpC,0,0,0,0,0,6
IMEhASVRU,1,1,1,0,1,5
dkQDLsp,0,0,0,0,0,7
NhdkGPict,0,0,1,0,0,8
TxuQfqJ,0,0,0,0,1,6
DaqkLo,1,0,0,1,0,4
WHxCoNBpum,0,0,0,1,1,8
aDWryxveZ,1,1,0,0,0,7
kYuOlAm,1,0,0,1,1,4
zsECawY,1,1,0,0,0,5
avizBQwOc,1,0,1,1,0,6
oIWZsCB,0,0,1,1,0,5
NzErhe,0,2,0,0,0,4
QJhfIo,0,0,1,1,0,4
XHOskrQSn,0,0,0,1,0,8
AOiWTpY,1,0,1,1,0,4
PlueksVy,0,1,0,0,1,6
pEPWtY,0,1,0,0,0,5
dWeEzn,0,2,0,0,0,4
HZQNtE,0,1,0,0,0,5
RhzqwpOeYE,0,2,0,1,0,7
PXUuDdzLHG,0,0,0,0,2,8
QzhGLANZ,1,0,0,0,0,7
cHFDAr,1,0,0,0,0,5
mNtOlaDGb,1,0,0,1,0,7
OBcuaQhX,1,0,0,1,1,5
fdvoZUQ,0,0,0,1,1,5
pEkCfvjKsR,0,1,0,0,0,9
YBLcNT,0,0,0,0,0,6
XINorA,1,0,1,1,0,3
wXcviOaU,1,0,1,1,1,4
kpHCRYBuaz,1,0,0,0,1,8
xIGvkpsOd,0,0,1,1,0,7
dNEIXuylS,0,1,1,0,1,6
xGRlXU,0,0,0,0,1,5
GjcImsxdz,0,0,1,0,0,8
hBrfpJT,0,0,0,0,0,7
WhbedpoR,0,1,0,1,0,6
GfzUga,1,0,0,0,1,4
gqTWLmv,0,0,0,0,0,7
iFyZxk,0,0,1,0,0,5
etnwyQ,0,1,0,0,0,5
rgyfGV,0,0,0,0,0,6
kWENcx,0,1,0,0,0,5
OdpFng,0,0,0,1,0,5
pWlCGKi,0,0,1,0,0,6
eLiKJc,0,1,1,0,0,4
hKPIbJxfq,0,0,1,0,0,8
PmRcNpi,0,0,1,0,0,6
XlZVWqhtJ,0,0,0,0,0,9
qjVIcnK,0,0,1,0,0,6
Meotgu,0,1,0,1,1,3
sTXzKic,0,0,1,0,0,6
JiRvMy,0,0,1,0,0,5
gCvEyWfGd,0,1,0,0,0,8
LuySVO,0,0,0,1,1,4
HSlXIfei,0,1,2,0,0,5
rjsbEW,0,1,0,0,0,5
lcqvTWsbKr,0,0,0,0,0,10
dKbEHLyMwC,0,1,0,0,0,9
dDPTniz,0,0,1,0,0,6
xsGAwQSta,2,0,0,0,0,7
lKPTigp,0,0,1,0,0,6
WxpBkLV,0,0,0,0,0,7
NrPDSoy,0,0,0,1,0,6
LAhilB,1,0,1,0,0,4
jtxfSsCXq,0,0,0,0,0,9
TPERmi,0,1,1,0,0,4
ncmdVXx,0,0,0,0,0,7
YBxone,0,1,0,1,0,4
CkMoEW,0,1,0,1,0,4
TEBfbG,0,1,0,0,0,5
cptjbWmHz,0,0,0,0,0,9
AsrvXP,1,0,0,0,0,5
NftHYox,0,0,0,1,0,6
mWtisID,0,0,2,0,0,5
eENyJLAIb,1,2,1,0,0,5
WpMVbxzF,0,0,0,0,0,8
xOlcgi,0,0,1,1,0,4
VzrcBTxAU,1,0,0,0,1,7
RfMrJAZ,1,0,0,0,0,6
JFPIuSGq,0,0,1,0,1,6
uERvNX,0,1,0,0,1,4
wJRoHX,0,0,0,1,0,5
jsJnzBGWt,0,0,0,0,0,9
Tdpbka,1,0,0,0,0,5
VnTdHjuMX,0,0,0,0,1,8
KRQjIPy,0,0,1,0,0,6
gVTNnJA,1,0,0,0,0,6
BecLyrjZ,0,1,0,0,0,7
hJrRdvDquP,0,0,0,0,1,9
TefgQmbxai,1,1,1,0,0,7
DabzjGx,1,0,0,0,0,6
YjpaCI,1,0,1,0,0,4
onzMqemIl,0,1,1,1,0,6
kpNIhL,0,0,1,0,0,5
NHVxYvdwM,0,0,0,0,0,9
UCJHAPr,1,0,0,0,1,5
PjvIprs,0,0,1,0,0,6
tZPckvjE,0,1,0,0,0,7
mSvRqGL,0,0,0,0,0,7
sxJuFV,0,0,0,0,1,5
Fwcfztnq,0,0,0,0,0,8
MiAVuzF,1,0,1,0,1,4
xOtrUnWg,0,0,0,1,1,6
iZhHxKNz,0,0,1,0,0,7
DPWvXtJZ,0,0,0,0,0,8
zAItCmu,1,0,1,0,1,4
zOhTuUI,0,0,1,1,2,3
iQcGUhE,0,1,1,0,1,4
GrObIj,0,0,1,1,0,4
zGEARdj,1,1,0,0,0,5
dhafsJPoVm,1,0,0,1,0,8
bNvUHSYBgm,0,0,0,0,1,9
eKQZbI,0,1,1,0,0,4
qGuPcU,0,0,0,0,2,4
BWyTrKisgk,0,0,1,0,0,9
TliAzNFE,1,1,1,0,0,5
MzIVbpC,0,0,1,0,0,6
yLsHKWAr,1,0,0,0,0,7
BPpdQXbv,0,0,0,0,0,8
qLlsGOIBQu,0,0,1,1,1,7
ZifeKQjpU,0,1,1,0,1,6
DVfAWhyG,1,0,0,0,0,7
uvPoKUnNjR,0,0,0,1,2,7
diblsK,0,0,1,0,0,5
ZzmMBGsx,0,0,0,0,0,8
UrERZLN,0,1,0,0,1,5
miybXaAK,2,0,1,0,0,5
dcwpsvBiyV,0,0,1,0,0,9
GiVpfRTD,0,0,1,0,0,7
opJMigXVB,0,0,1,1,0,7
XEpxfsUt,0,1,0,0,1,6
OrfIeAD,1,1,1,1,0,3
TyfYXp,0,0,0,0,0,6
lhZpfYIxb,0,0,1,0,0,8
AUTxpfL,1,0,0,0,1,5
lWpGPtLmxO,0,0,0,1,0,9
IbgZamhCYr,1,0,1,0,0,8
gHbTrEXz,0,1,0,0,0,7
NsteWQzY,0,1,0,0,0,7
IymXZzkYn,0,0,1,0,0,8
XMfPvE,0,1,0,0,0,5
rNSMteRk,0,1,0,0,0,7
IRvMmZio,0,0,2,1,0,5
DMhCHok,0,0,0,1,0,6
cDOXbgw,0,0,0,1,0,6
OHygWUkb,0,0,0,1,1,6
iQyrBKOg,0,0,1,1,0,6
DXYJFet,0,1,0,0,0,6
LYNAJfZc,1,0,0,0,0,7
AqmOkFbJyw,1,0,0,1,0,8
LIGReTqj,0,1,1,0,0,6
IMYcyQ,0,0,1,0,0,5
PIrwQEfhO,0,1,1,1,0,6
puUiQaLBg,1,0,1,0,2,5
cdJuGbQiTF,0,0,1,0,1,8
TxOcwmUSz,0,0,0,1,1,7
jbEhuCplJ,0,1,0,0,1,7
TEONAfxIq,1,1,1,1,0,5
OBdSCop,0,0,0,2,0,5
VPFbkdl,0,0,0,0,0,7
qLRsWVe,0,1,0,0,0,6
FmlcVChS,0,0,0,0,0,8
AyecCgXb,1,1,0,0,0,6
tWyLiQ,0,0,1,0,0,5
puaDCik,1,0,1,0,1,4
uzpgUHc,0,0,0,0,2,5
HXxtDsd,0,0,0,0,0,7
SfrLxg,0,0,0,0,0,6
WfZproY,0,0,0,1,0,6
Xocnpxw,0,0,0,1,0,6
MzGoFqv,0,0,0,1,0,6
qvhrVU,0,0,0,0,1,5
gtIPDwTx,0,0,1,0,0,7
MqYHUk,0,0,0,0,1,5
qzCZQfx,0,0,0,0,0,7
EAGkxUR,1,1,0,0,1,4
ymXtQsp,0,0,0,0,0,7
mjsGuzga,1,0,0,0,1,6
cBrqMfAo,1,0,0,1,0,6
oDiBxgUv,0,0,1,1,1,5
TlKCQxWioA,1,0,1,1,0,7
HNSJKrwklG,0,0,0,0,0,10
OdVqHMxaF,1,0,0,1,0,7
gZlSEU,0,1,0,0,1,4
YdBtwbXAu,1,0,0,0,1,7
jqgIrxUvE,0,1,1,0,1,6
NGHFlODsW,0,0,0,1,0,8
kLKtZUE,0,1,0,0,1,5
GFASENJLRV,1,1,0,0,0,8
CNTSBUk,0,0,0,0,1,6
yYCMbTOLKE,0,1,0,1,0,8
XOwYqT,0,0,0,1,0,5
TjQaxluPqD,1,0,0,0,1,8
NHhqGnBP,0,0,0,0,0,8
kXzCAEU,1,1,0,0,1,4
bInAfBdEp,1,1,1,0,0,6
EoVumsUnH,0,1,0,1,2,5
OxXQSHuv,0,0,0,1,1,6
TCLmUxW,0,0,0,0,1,6
MYALau,2,0,0,0,1,3
azQBDh,1,0,0,0,0,5
xgFVSkcu,0,0,0,0,1,7
UsItuyMjL,0,0,1,0,2,6
bgxdnW,0,0,0,0,0,6
mBlegi,0,1,1,0,0,4
kbxtaSv,1,0,0,0,0,6
tMNyjA,1,0,0,0,0,5
TmawhFYMp,1,0,0,0,0,8
KCivbxje,0,1,1,0,0,6
kbXWcGogHT,0,0,0,1,0,9
aUkRhxTiB,1,0,1,0,1,6
TOeByXE,0,2,0,1,0,4
BbWrxgv,0,0,0,0,0,7
xASNUinJYy,1,0,1,0,1,7
UjLgfYxHeQ,0,1,0,0,1,8
JLyPhfXD,0,0,0,0,0,8
WGDHSJ,0,0,0,0,0,6
IgbNCs,0,0,1,0,0,5
NtIWBJ,0,0,1,0,0,5
KormGRtej,0,1,0,1,0,7
oyMevXHNYT,0,1,0,1,0,8
APTwoH,1,0,0,1,0,4
XVSTLKF,0,0,0,0,0,7
RxaMKPdHA,2,0,0,0,0,7
KtVYbiS,0,0,1,0,0,6
yQOrYTZ,0,0,0,1,0,6
UgaSJvnrp,1,0,0,0,1,7
wQbnoPI,0,0,1,1,0,5
MFacNpO,1,0,0,1,0,5
qVfYda,1,0,0,0,0,5
PrKEVqTHLb,0,1,0,0,0,9
yqagzmV,1,0,0,0,0,6
oiNnjAIVX,1,0,2,1,0,5
CVQlivZwxb,0,0,1,0,0,9
KwVzLOR,0,0,0,1,0,6
pDIQcwi,0,0,2,0,0,5
eLdbBrS,0,1,0,0,0,6
qwPByAo,1,0,0,1,0,5
cVlngMdsx,0,0,0,0,0,9
DnWiypz,0,0,1,0,0,6
IXTpUsua,1,0,1,0,2,4
lYfmEaXiS,1,1,1,0,0,6
hnZRyj,0,0,0,0,0,6
XKrscm,0,0,0,0,0,6
NqdacT,1,0,0,0,0,5
XbjBuVAe,1,1,0,0,1,5
fXAnaCTV,2,0,0,0,0,6
uiLTYVwZg,0,0,1,0,1,7
oiKMGpebyt,0,1,1,1,0,7
xvosMPn,0,0,0,1,0,6
kaIKXEhbF,1,1,1,0,0,6
EhITSDsVx,0,1,1,0,0,7
UlOzpTGJrD,0,0,0,1,1,8
BhqQnRT,0,0,0,0,0,7
bspvzCH,0,0,0,0,0,7
rxynYTZz,0,0,0,0,0,8
ZUnodsKkIQ,0,0,1,1,1,7
eulcsMv,0,1,0,0,1,5
WXtOkFzHvo,0,0,0,2,0,8
DlAfjBJ,1,0,0,0,0,6
eoWQMZuN,0,1,0,1,1,5
RfGFOxCVEi,0,1,1,1,0,7
RzUqjnVM,0,0,0,0,1,7
BEqWTAJhp,1,1,0,0,0,7
vBTMDJ,0,0,0,0,0,6
khOWMUipA,1,0,1,1,1,5
WRnXBMu,0,0,0,0,1,6
CDMuXgrUex,0,1,0,0,2,7
wLKWGUV,0,0,0,0,1,6
PCMrymnK,0,0,0,0,0,8
qdegNuobFp,0,1,0,1,1,7
HcOFzq,0,0,0,1,0,5
gbyoKZ,0,0,0,1,0,5
LPaekFrYn,1,1,0,0,0,7
kfjrzJXBK,0,0,0,0,0,9
wOGvAit,1,0,1,1,0,4
GgqISB,0,0,1,0,0,5
tMiGqjaYN,1,0,1,0,0,7
rWozUp,0,0,0,1,1,4
mJUMFwyzOA,1,0,0,1,1,7
Xqifxug,0,0,1,0,1,5
ZsMJgV,0,0,0,0,0,6
duhjBo,0,0,0,1,1,4
XNoyEsVn,0,1,0,1,0,6
PSkCGt,0,0,0,0,0,6
KXPGBjvYI,0,0,1,0,0,8
OxnKmE,0,1,0,1,0,4
tlDYfu,0,0,0,0,1,5
bqngMUY,0,0,0,0,1,6
pOcmRn,0,0,0,1,0,5
byMWSa,1,0,0,0,0,5
nhTeXjMkL,0,1,0,0,0,8
yLkhMXr,0,0,0,0,0,7
IMnXEe,0,2,1,0,0,3
ItXkOBL,0,0,1,1,0,5
dImpkRHU,0,0,1,0,1,6
LoSOuMbwf,0,0,0,2,1,6
fEcMjJnG,0,1,0,0,0,7
WbhMpHx,0,0,0,0,0,7
ukRwQb,0,0,0,0,1,5
yxKmLdTYi,0,0,1,0,0,8
FeOnygv,0,1,0,1,0,5
gtqIST,0,0,1,0,0,5
odCAwfuNUa,2,0,0,1,2,5
pwecArFW,1,1,0,0,0,6
vTiUhn,0,0,1,0,1,4
RytmzW,0,0,0,0,0,6
gRJCkFD,0,0,0,0,0,7
hMZsNoaQ,1,0,0,1,0,6
HENJoQciaO,1,1,1,2,0,5
hIJWfycP,0,0,1,0,0,7
IliRtOy,0,0,2,1,0,4
EYKJlgm,0,1,0,0,0,6
AdQzuG,1,0,0,0,1,4
yfpnYIgFml,0,0,1,0,0,9
pmwMBS,0,0,0,0,0,6
mUZViFrO,0,0,1,1,1,5
gvQdcxbED,0,1,0,0,0,8
VdWKbe,0,1,0,0,0,5
ehFNzKsi,0,1,1,0,0,6
ZHTVyJCRk,0,0,0,0,0,9
fXxWbaMSz,1,0,0,0,0,8
UQJyAdobvS,1,0,0,1,1,7
rpRxAv,1,0,0,0,0,5
INoVhpE,0,1,1,1,0,4
UiogGC,0,0,1,1,1,3
lWBqKXZL,0,0,0,0,0,8
MzwKEAqchN,1,1,0,0,0,8
pmZFwr,0,0,0,0,0,6
FhGekO,0,1,0,1,0,4
YQaKXVi,1,0,1,0,0,5
eCrkbpudWx,0,1,0,0,1,8
WeVFPY,0,1,0,0,0,5
KugRVsPQa,1,0,0,0,1,7
GiBHIhyEgJ,0,1,2,0,0,7
zeIJcV,0,1,1,0,0,4
WKnjhX,0,0,0,0,0,6
OcyVJrt,0,0,0,1,0,6
tDgXLGJhT,0,0,0,0,0,9
TEFjIo,0,1,1,1,0,3
oBtcpQKGge,0,1,0,1,0,8
tdbGsoP,0,0,0,1,0,6
GPzjCUJ,0,0,0,0,1,6
TLMNBo,0,0,0,1,0,5
cxlEqw,0,1,0,0,0,5
gGjbXzHMP,0,0,0,0,0,9
MquezYDgVb,0,1,0,0,1,8
QuRkTFbc,0,0,0,0,1,7
GlMcbESzU,0,1,0,0,1,7
MUWkXBl,0,0,0,0,1,6
SvAYErgqa,2,1,0,0,0,6
IJSTEW,0,1,1,0,0,4
fnNTsikKIm,0,0,2,0,0,8
yxVmgOzu,0,0,0,1,1,6
DxPrceL,0,1,0,0,0,6
YoLuGhrsy,0,0,0,1,1,7
xBklNw,0,0,0,0,0,6
fTmNIMSl,0,0,1,0,0,7
VQfAMhldaI,2,0,1,0,0,7
gDixQhdSt,0,0,1,0,0,8
mHoYsbXaJM,1,0,0,1,0,8
uvejCGLcig,0,1,1,0,1,7
lNMfcQ,0,0,0,0,0,6
OnXFMbef,0,1,0,1,0,6
lSriRLC,0,0,1,0,0,6
pLtqFf,0,0,0,0,0,6
hueLEfvA,1,2,0,0,1,4
Nybsdoh,0,0,0,1,0,6
jXPnYeyms,0,1,0,0,0,8
yzuRSdm,0,0,0,0,1,6
GnHliKmEP,0,1,1,0,0,7
agUIKZFS,1,0,1,0,1,5
PjsVkYOQ,0,0,0,1,0,7
asVUfAzRN,2,0,0,0,1,6
tTCwAZfoUu,1,0,0,1,2,6
CdpkmYg,0,0,0,0,0,7
lmBAPN,1,0,0,0,0,5
puVqxtF,0,0,0,0,1,6
ElVdURjIBC,0,1,1,0,1,7
MnCEbvj,0,1,0,0,0,6
aTpBPcfqCS,1,0,0,0,0,9
tcnQBpl,0,0,0,0,0,7
QNidyXsmFr,0,0,1,0,0,9
ZETgtrl,0,1,0,0,0,6
uzNQOmwcp,0,0,0,1,1,7
cwxmjS,0,0,0,0,0,6
pwXCovjR,0,0,0,1,0,7
YJrHSljfzD,0,0,0,0,0,10
MNuAlP,1,0,0,0,1,4
BZesvQtk,0,1,0,0,0,7
OFDbsZT,0,0,0,1,0,6
LMusXZ,0,0,0,0,1,5
vmpFrE,0,1,0,0,0,5
XDMIFK,0,0,1,0,0,5
TzlDJXtHx,0,0,0,0,0,9
hPJSbNK,0,0,0,0,0,7
jnNXAJfC,1,0,0,0,0,7
kEcgDIMY,0,1,1,0,0,6
USDpClickZ,0,0,1,0,1,8
OhAXaBf,2,0,0,1,0,4
ZILRfsBcj,0,0,1,0,0,8
uHVTSFw,0,0,0,0,1,6
iSqchPQ,0,0,1,0,0,6
PWlELC,0,1,0,0,0,5
gJWhAiS,1,0,1,0,0,5
EmxXtqM,0,1,0,0,0,6
kjEWxUhnS,0,1,0,0,1,7
QEopcOh,0,1,0,2,0,4
UzsaqB,1,0,0,0,1,4
pPvYOhF,0,0,0,1,0,6
mwhHbPsVSW,0,0,0,0,0,10
DSEzicIkre,0,2,2,0,0,6
jPvRzL,0,0,0,0,0,6
AaMSWV,2,0,0,0,0,4
WKEyoTn,0,1,0,1,0,5
afrYJIq,1,0,1,0,0,5
vGEXQC,0,1,0,0,0,5
VaUKyM,1,0,0,0,1,4
UckRKhpQT,0,0,0,0,1,8
mcvDaCHV,1,0,0,0,0,7
JXCfQE,0,1,0,0,0,5
iyPTzOB,0,0,1,1,0,5
RpzNKLePcE,0,2,0,0,0,8
wYBzNr,0,0,0,0,0,6
RpKtbhy,0,0,0,0,0,7
cSZILX,0,0,1,0,0,5
vhzIxM,0,0,1,0,0,5
lmIjLEaP,1,1,1,0,0,5
JNPncFZRE,0,1,0,0,0,8
bjAYrctC,1,0,0,0,0,7
mKBaTSrhIX,1,0,1,0,0,8
aZsoFHd,1,0,0,1,0,5
DmWQta,1,0,0,0,0,5
WPZiMezNOB,0,1,1,1,0,7
YkAqzCFKEQ,1,1,0,0,0,8
mWtNqh,0,0,0,0,0,6
MgpsmG,0,0,0,0,0,6
PiUQbRvs,0,0,1,0,1,6
UpVMOvI,0,0,1,1,1,4
SivtBo,0,0,1,1,0,4
WnmYNgFL,0,0,0,0,0,8
JkRFYH,0,0,0,0,0,6
yDpzmHqkh,0,0,0,0,0,9
xfwiMDKv,0,0,1,0,0,7
yPScNmf,0,0,0,0,0,7
lgWLSHOs,0,0,0,1,0,7
ivwotm,0,0,1,1,0,4
TIGmzA,1,0,1,0,0,4
CKRhis,0,0,1,0,0,5
nJvbyOr,0,0,0,1,0,6
XLehayTV,1,1,0,0,0,6
ARjOXGv,1,0,0,1,0,5
XaCDNp,1,0,0,0,0,5
VjNdGTr,0,0,0,0,0,7
uxgknacBM,1,0,0,0,1,7
zyZOQvRDT,0,0,0,1,0,8
VAEkpqy,1,1,0,0,0,5
qMwpmP,0,0,0,0,0,6
tmRdOiCfPK,0,0,1,1,0,8
qRELKNh,0,1,0,0,0,6
VOIwJQTE,0,1,1,1,0,5
tBGJSQsW,0,0,0,0,0,8
kmRpbx,0,0,0,0,0,6
HlMDZT,0,0,0,0,0,6
oEYaMF,1,1,0,1,0,3
rJYLkF,0,0,0,0,0,6
GALTqbKhZ,1,0,0,0,0,8
XnfVNuO,0,0,0,1,1,5
NbtKlV,0,0,0,0,0,6
IwcaQT,1,0,1,0,0,4
kGWpUTnEx,0,1,0,0,1,7
mcZOuAW,1,0,0,1,1,4
YDtplJ,0,0,0,0,0,6
fiaKpDj,1,0,1,0,0,5
HFUEnDZf,0,1,0,0,1,6
zrTEGa,1,1,0,0,0,4
ZkwBAquD,1,0,0,0,1,6
mOMxdN,0,0,0,1,0,5
jNlDgoxGm,0,0,0,1,0,8
NjiHYKD,0,0,1,0,0,6
PuVlgt,0,0,0,0,1,5
OKJQESNX,0,1,0,1,0,6
KxhMPYN,0,0,0,0,0,7
TxIGZgbf,0,0,1,0,0,7
juwxTbWKBp,0,0,0,0,1,9
dPGHwE,0,1,0,0,0,5
lITdNJeA,1,1,1,0,0,5
ARuCPgkx,1,0,0,0,1,6
kCvqHI,0,0,1,0,0,5
gvMTFG,0,0,0,0,0,6
KxnwbGY,0,0,0,0,0,7
FncaSC,1,0,0,0,0,5
xbYgFtinHr,0,0,1,0,0,9
XnNJZQhKpE,0,1,0,0,0,9
XYBFrESH,0,1,0,0,0,7
NnkJrFua,1,0,0,0,1,6
IZEYOXt,0,1,1,1,0,4
qtJpKARwI,1,0,1,0,0,7
mvyWGC,0,0,0,0,0,6
mDfHJSs,0,0,0,0,0,7
cShmCgNk,0,0,0,0,0,8
cTvHZjrd,0,0,0,0,0,8
dUPtgOJhDe,0,1,0,1,1,7
MyqFIci,0,0,2,0,0,5
WACqlYdU,1,0,0,0,1,6
RjJnNTeBF,0,1,0,0,0,8
JQnLiP,0,0,1,0,0,5
fVBRtwudOF,0,0,0,1,1,8
jhfYpxW,0,0,0,0,0,7
eGdWCgbzQ,0,1,0,0,0,8
zfiltYNwg,0,0,1,0,0,8
BJSHjFn,0,0,0,0,0,7
pCGSDqFV,0,0,0,0,0,8
cStTnlgpxM,0,0,0,0,0,10
fSFLtG,0,0,0,0,0,6
GJaQvk,1,0,0,0,0,5
fipZYbd,0,0,1,0,0,6
tZjvCToVm,0,0,0,1,0,8
vcFgPT,0,0,0,0,0,6
osbWQGSf,0,0,0,1,0,7
IXfFEPr,0,1,1,0,0,5
IgJLcpQXwC,0,0,1,0,0,9
SINoAi,1,0,2,1,0,2
pNXhITVsSL,0,0,1,0,0,9
Tcezmbp,0,1,0,0,0,6
vByKUal,1,0,0,0,1,5
AJCWZHnM,1,0,0,0,0,7
CQJZtupYb,0,0,0,0,1,8
tbDLhIW,0,0,1,0,0,6
ZMATYbGBSd,1,0,0,0,0,9
nqVRCigEae,1,2,1,0,0,6
IBYvuQbP,0,0,1,0,1,6
vQmurMKPE,0,1,0,0,1,7
fdYIbDR,0,0,1,0,0,6
GaXqRMv,1,0,0,0,0,6
sOmAQYw,1,0,0,1,0,5
nPuMCXBH,0,0,0,0,1,7
UcrAkR,1,0,0,0,1,4
mkyMHCJsj,0,0,0,0,0,9
VPXMEZqdeR,0,2,0,0,0,8
jKRAXyDUCe,1,1,0,0,1,7
vLiFmQVg,0,0,1,0,0,7
YEdZsoQc,0,1,0,1,0,6
idTGXEhan,1,1,1,0,0,6
cuNliw,0,0,1,0,1,4
YrAwPRtl,1,0,0,0,0,7
tfDyXOLZ,0,0,0,1,0,7
gENLiP,0,1,1,0,0,4
JLyAjHz,1,0,0,0,0,6
YcyptxXZA,1,0,0,0,0,8
CqXTZmM,0,0,0,0,0,7
hlvgNUd,0,0,0,0,1,6
aUCPsdFc,1,0,0,0,1,6
QoGWdeR,0,1,0,1,0,5
PHywKa,1,0,0,0,0,5
kyuicQ,0,0,1,0,1,4
aAPZiHBMF,2,0,1,0,0,6
VfUcqaQjwm,1,0,0,0,1,8
FGIZNn,0,0,1,0,0,5
vCBKoTwN,0,0,0,1,0,7
viYsnmHtBL,0,0,1,0,0,9
IwZxtQPc,0,0,1,0,0,7
GMTsycp,0,0,0,0,0,7
lpdXAuR,1,0,0,0,1,5
SWFtGmva,1,0,0,0,0,7
aRgFGl,1,0,0,0,0,5
nqOjJIkL,0,0,1,1,0,6
yTwalc,1,0,0,0,0,5
EhMCtF,0,1,0,0,0,5
QShtCAE,1,1,0,0,0,5
tBSfpjImnP,0,0,1,0,0,9
tLNyIYHo,0,0,1,1,0,6
XObYRJDs,0,0,0,1,0,7
UpQhTvjZwM,0,0,0,0,1,9
DKSzgyW,0,0,0,0,0,7
WbNJQhU,0,0,0,0,1,6
RHPSahqobe,1,1,0,1,0,7
MuNdilRED,0,1,1,0,1,6
tXphKG,0,0,0,0,0,6
HSCtlRrVU,0,0,0,0,1,8
nZREFs,0,1,0,0,0,5
NWlnOb,0,0,0,1,0,5
ncTQoHNa,1,0,0,1,0,6
cGbKlaez,1,1,0,0,0,6
nHLvANKo,1,0,0,1,0,6
xlIucdO,0,0,1,1,1,4
PabMxwfCpR,1,0,0,0,0,9
goqOPc,0,0,0,2,0,4
MHEiFCGIJd,0,1,2,0,0,7
bJgyril,0,0,1,0,0,6
lWLHxNRd,0,0,0,0,0,8
YVktRcC,0,0,0,0,0,7
mlGyYut,0,0,0,0,1,6
KGSPyI,0,0,1,0,0,5
UHvQhxZrP,0,0,0,0,1,8
vMixEg,0,1,1,0,0,4
kFgpYPm,0,0,0,0,0,7
YnlXJhQN,0,0,0,0,0,8
svJEVAc,1,1,0,0,0,5
KbhprfPlAt,1,0,0,0,0,9
OgLztpj,0,0,0,1,0,6
UVxgrzGe,0,1,0,0,1,6
fjkuXH,0,0,0,0,1,5
ghIsGHwWvC,0,0,1,0,0,9
lYEpAIQC,1,1,1,0,0,5
bXyDLp,0,0,0,0,0,6
LTXgDlfW,0,0,0,0,0,8
PJHYnovKfz,0,0,0,1,0,9
OiIYuwsP,0,0,2,1,1,4
OsqLAlh,1,0,0,1,0,5
HXDrBNl,0,0,0,0,0,7
gawrPchBn,1,0,0,0,0,8
XltaoQM,1,0,0,1,0,5
WsaqeQFg,1,1,0,0,0,6
XAPseMWE,1,2,0,0,0,5
pmrUvWz,0,0,0,0,1,6
nziCmw,0,0,1,0,0,5
zQoPixgnX,0,0,1,1,0,7
lGFLPuD,0,0,0,0,1,6
zjQTuL,0,0,0,0,1,5
sWXYqbgOvK,0,0,0,1,0,9
IaqMhu,1,0,1,0,1,3
IFZQHV,0,0,1,0,0,5
aChVDno,1,0,0,1,0,5
lBCWaVhcm,1,0,0,0,0,8
OpDaVtxolK,1,0,0,2,0,7
INMQKc,0,0,1,0,0,5
PqGemf,0,1,0,0,0,5
aQMhySt,1,0,0,0,0,6
MCoyHU,0,0,0,1,1,4
PIUSFhvMz,0,0,1,0,1,7
BKSFEA,1,1,0,0,0,4
KjakTwYmcx,1,0,0,0,0,9
UMARIjNx,1,0,1,0,1,5
MhKBcX,0,0,0,0,0,6
kMYZBpt,0,0,0,0,0,7
xiKzvYa,1,0,1,0,0,5
GnrJZsTL,0,0,0,0,0,8
CHwrfTR,0,0,0,0,0,7
ZFGMuAw,1,0,0,0,1,5
YRzAGae,2,1,0,0,0,4
HFWwfr,0,0,0,0,0,6
BoSbCwQODg,0,0,0,2,0,8
HtYpFwJKe,0,1,0,0,0,8
hvGZRaf,1,0,0,0,0,6
piPbxZj,0,0,1,0,0,6
IAJfoB,1,0,1,1,0,3
qrfgsQ,0,0,0,0,0,6
ajAdZBxX,2,0,0,0,0,6
bvEmzMxNI,0,1,1,0,0,7
DNhqMS,0,0,0,0,0,6
PEFkJR,0,1,0,0,0,5
oCJTZd,0,0,0,1,0,5
OTZwBQj,0,0,0,1,0,6
NtAiDrRm,1,0,1,0,0,6
PxuTLYoE,0,1,0,1,1,5
qBYnTEK,0,1,0,0,0,6
fMYSXAtG,1,0,0,0,0,7
gSwPjbA,1,0,0,0,0,6
xlfWwLmcbU,0,0,0,0,1,9
eBPHYGJRW,0,1,0,0,0,8
sWYVftBl,0,0,0,0,0,8
hFLjRWXy,0,0,0,0,0,8
LFdtcpj,0,0,0,0,0,7
EKdmFv,0,1,0,0,0,5
znwUWogO,0,0,0,2,1,5
CGPLdEbF,0,1,0,0,0,7
ZrgxHUM,0,0,0,0,1,6
YsyDhnJxOI,0,0,1,1,0,8
dWfiSItZ,0,0,2,0,0,6
tiKbwqgH,0,0,1,0,0,7
oJXzmU,0,0,0,1,1,4
KXmNjl,0,0,0,0,0,6
EKwHZgiN,0,1,1,0,0,6
LzJtuqge,0,1,0,0,1,6
cqQYyEO,0,1,0,1,0,5
LcnATOsti,1,0,1,1,0,6
eipYUCOPHB,0,1,1,1,1,6
uFbQVcspI,0,0,1,0,1,7
mHdxIN,0,0,1,0,0,5
tBRNFT,0,0,0,0,0,6
lCXjJk,0,0,0,0,0,6
gKarTG,1,0,0,0,0,5
JOamdctv,1,0,0,1,0,6
mavfRCnTUy,1,0,0,0,1,8
otgBexm,0,1,0,1,0,5
qwPuYZfU,0,0,0,0,2,6
dreCGfW,0,1,0,0,0,6
sjhCDUfv,0,0,0,0,1,7
QdiaOmJFG,1,0,1,1,0,6
ayFktw,1,0,0,0,0,5
YxucEG,0,1,0,0,1,4
LAMsYFPv,1,0,0,0,0,7
IqNQPCkOh,0,0,1,1,0,7
yqIVvOd,0,0,1,1,0,5
yGaJbcon,1,0,0,1,0,6
qnuSwvptcb,0,0,0,0,1,9
EjtNqFv,0,1,0,0,0,6
DzxnRMf,0,0,0,0,0,7
VsLbYCWI,0,0,1,0,0,7
gcFtfCHk,0,0,0,0,0,8
cQVfZJFwj,0,0,0,0,0,9
djEonXwz,0,1,0,1,0,6
Tnkipb,0,0,1,0,0,5
cMDwrWj,0,0,0,0,0,7
SvzVJWY,0,0,0,0,0,7
NoKMHp,0,0,0,1,0,5
geFZcMJ,0,1,0,0,0,6
hAsMiYfbL,1,0,1,0,0,7
PLVICHtn,0,0,1,0,0,7
sJZobnU,0,0,0,1,1,5
vMPOlIr,0,0,1,1,0,5
rMToxIb,0,0,1,1,0,5
zOEHXR,0,1,0,1,0,4
LAFDTdY,1,0,0,0,0,6
vMyeKQXU,0,1,0,0,1,6
KXFskmphOv,0,0,0,1,0,9
abKWThL,1,0,0,0,0,6
huJXMg,0,0,0,0,1,5
DYzIxnUF,0,0,1,0,1,6
LbrJevGdaT,1,1,0,0,0,8
nLgAWFkS,1,0,0,0,0,7
eCkoRTuH,0,1,0,1,1,5
uIlAtsyaU,2,0,1,0,2,4
jLeYJab,1,1,0,0,0,5
oQUYHFj,0,0,0,1,1,5
BvhROZiLx,0,0,1,1,0,7
gcIvwrM,0,0,1,0,0,6
JUnBGpHX,0,0,0,0,1,7
TDMsrgU,0,0,0,0,1,6
LwVIvs,0,0,1,0,0,5
Xwsbya,1,0,0,0,0,5
tPcZabB,1,0,0,0,0,6
sTENKCjq,0,1,0,0,0,7
DvYqzAn,1,0,0,0,0,6
ImKCndxB,0,0,1,0,0,7
FyagbmXk,1,0,0,0,0,7
SBrkszGA,1,0,0,0,0,7
cHJenpuY,0,1,0,0,1,6
SDlgJBqwpd,0,0,0,0,0,10
WSXzZB,0,0,0,0,0,6
ywlFbE,0,1,0,0,0,5
gXzpikZ,0,0,1,0,0,6
mtUGlBv,0,0,0,0,1,6
DfcNXW,0,0,0,0,0,6
bErdISZt,0,1,1,0,0,6
ZecMAC,1,1,0,0,0,4
gOTQlqoYNj,0,0,0,2,0,8
jaUJvcQzWO,1,0,0,1,1,7
EyoVWsnp,0,1,0,1,0,6
vFdNra,1,0,0,0,0,5
sqeaRkB,1,1,0,0,0,5
MRWiCrn,0,0,1,0,0,6
cRATweKD,1,1,0,0,0,6
SaFKpuvr,1,0,0,0,1,6
OdzCwGZ,0,0,0,1,0,6
lxWvEM,0,1,0,0,0,5
BjYZqXb,0,0,0,0,0,7
JqFTyj,0,0,0,0,0,6
PywWifjBFZ,0,0,1,0,0,9
AFViUxoQP,1,0,1,1,1,5
sSuYmx,0,0,0,0,1,5
glqWFi,0,0,1,0,0,5
sWUJACdIDt,1,0,1,0,1,7
FHobKItn,0,0,1,1,0,6
RqLoQzWce,0,1,0,1,0,7
MDnrOdWU,0,0,0,1,1,6
iTeFRGz,0,1,1,0,0,5
ztnoiAR,1,0,1,1,0,4
mgtikLxz,0,0,1,0,0,7
RUWwrLDM,0,0,0,0,1,7
CfXZFkjxW,0,0,0,0,0,9
hLWoEwDCX,0,1,0,1,0,7
LvsGjHXzlB,0,0,0,0,0,10
UVKIYE,0,1,1,0,1,3
FWkMfSuv,0,0,0,0,1,7
FTeZIUGAOE,1,2,1,1,1,4
GrkaJtp,1,0,0,0,0,6
fZhOuqI,0,0,1,1,1,4
mUdyZlK,0,0,0,0,1,6
jEKpVUY,0,1,0,0,1,5
HgOECSojQn,0,1,0,2,0,7
MVnAulW,1,0,0,0,1,5
ZhlmzjkVH,0,0,0,0,0,9
WtciPqpo,0,0,1,1,0,6
RpNfaB,1,0,0,0,0,5
cGHWQbl,0,0,0,0,0,7
wRsueLM,0,1,0,0,1,5
nSKopweJ,0,1,0,1,0,6
jRYArHQvXz,1,0,0,0,0,9
JCvKSjz,0,0,0,0,0,7
FuYwXO,0,0,0,1,1,4
mEVbkptu,0,1,0,0,1,6
rxbLepS,0,1,0,0,0,6
vNxCpD,0,0,0,0,0,6
NMLdTIEu,0,1,1,0,1,5
BJUFSb,0,0,0,0,1,5
ZuDbsCS,0,0,0,0,1,6
KANgykov,1,0,0,1,0,6
GJkYcp,0,0,0,0,0,6
eEVDHRkxp,0,2,0,0,0,7
dkiEnxmK,0,1,1,0,0,6
aiAboLCG,2,0,1,1,0,4
wmZphMvx,0,0,0,0,0,8
YdbzHE,0,1,0,0,0,5
hBEXmtQRD,0,1,0,0,0,8
KPDTNe,0,1,0,0,0,5
rPFpxRHVuC,0,0,0,0,1,9
oCdmFeO,0,1,0,2,0,4
AMsRND,1,0,0,0,0,5
VPfOdzek,0,1,0,1,0,6
ecnspHxK,0,1,0,0,0,7
XlqIvpnrB,0,0,1,0,0,8
CwzXYbxf,0,0,0,0,0,8
gHNqKf,0,0,0,0,0,6
TWBxcJMjt,0,0,0,0,0,9
sXZMCaw,1,0,0,0,0,6
fdXpCImkx,0,0,1,0,0,8
shCJeuE,0,2,0,0,1,4
sbKSTn,0,0,0,0,0,6
zEYehwx,0,2,0,0,0,5
orGeAUzkJ,1,1,0,1,1,5
CTeAOt,1,1,0,1,0,3
WCrhGR,0,0,0,0,0,6
dMjaGX,1,0,0,0,0,5
cbLrMVKm,0,0,0,0,0,8
DlUdFtJi,0,0,1,0,1,6
NsvUWj,0,0,0,0,1,5
pkSazGf,1,0,0,0,0,6
HrRTKBIJWo,0,0,1,1,0,8
wEBlPUYyke,0,2,0,0,1,7
flrcvHZ,0,0,0,0,0,7
raHqUhCwbK,1,0,0,0,1,8
kFjzPLo,0,0,0,1,0,6
fLgWDTOn,0,0,0,1,0,7
AQwGTXj,1,0,0,0,0,6
EcmqySz,0,1,0,0,0,6
eQPwFI,0,1,1,0,0,4
BdQaGtZl,1,0,0,0,0,7
YOAdQFZsW,1,0,0,1,0,7
wtGljrJMW,0,0,0,0,0,9
apoSeVEg,1,2,0,1,0,4
lZSVjBTK,0,0,0,0,0,8
jJnPwGHDgs,0,0,0,0,0,10
UgNhLpJyl,0,0,0,0,1,8
NmjwFAc,1,0,0,0,0,6
kynqXEJu,0,1,0,0,1,6
HNhZzUMnEP,0,1,0,0,1,8
ZmMifK,0,0,1,0,0,5
EmgCTr,0,1,0,0,0,5
HfEAVDv,1,1,0,0,0,5
iOcBGAE,1,1,1,1,0,3
fbKykM,0,0,0,0,0,6
tojIewOSs,0,1,1,2,0,5
MwKWeQlCp,0,1,0,0,0,8
qThOrNo,0,0,0,2,0,5
gpaVblJ,1,0,0,0,0,6
BDuycgR,0,0,0,0,1,6
kzpOFXCI,0,0,1,1,0,6
vDIEGBRuYh,0,1,1,0,1,7
aTrLJc,1,0,0,0,0,5
gaWxKmLI,1,0,1,0,0,6
NYFaeGdcx,1,1,0,0,0,7
MLqxvc,0,0,0,0,0,6
dvByuARCM,1,0,0,0,1,7
ZfEFTNS,0,1,0,0,0,6
hqHQPe,0,1,0,0,0,5
rzZFjD,0,0,0,0,0,6
RdhwXrqc,0,0,0,0,0,8
zGOcynhHIB,0,0,1,1,0,8
YsyZPI,0,0,1,0,0,5
JCEBUr,0,1,0,0,1,4
mUywnBdl,0,0,0,0,1,7
vzRJIc,0,0,1,0,0,5
gDoJvR,0,0,0,1,0,5
JAufSjVmPF,1,0,0,0,1,8
BjIJNMq,0,0,1,0,0,6
bgskKFEnjx,0,1,0,0,0,9
bxiZEC,0,1,1,0,0,4
QaUFyHi,1,0,1,0,1,4
aAsmWFJPY,2,0,0,0,0,7
dFUmGyZtw,0,0,0,0,1,8
fkLUiF,0,0,1,0,1,4
YpXTrxVFt,0,0,0,0,0,9
qVaGoUwyFJ,1,0,0,1,1,7
ErBCYcfqP,0,1,0,0,0,8
LbTzjX,0,0,0,0,0,6
SvARzHrjf,1,0,0,0,0,8
tfveVOK,0,1,0,1,0,5
zHdawyYr,1,0,0,0,0,7
GxfAqF,1,0,0,0,0,5
gezHChoLA,1,1,0,1,0,6
ydIDUPL,0,0,1,0,1,5
mdnGaA,2,0,0,0,0,4
zKvXVf,0,0,0,0,0,6
WXHsTDdO,0,0,0,1,0,7
txpuAfa,2,0,0,0,1,4
TUuYlt,0,0,0,0,2,4
cJCDIrpG,0,0,1,0,0,7
vHqUiZxPOp,0,0,1,1,1,7
AVEFfNhMm,1,1,0,0,0,7
AlDtPGS,1,0,0,0,0,6
iutvBNhaW,1,0,1,0,1,6
BjxaHz,1,0,0,0,0,5
kTVijvS,0,0,1,0,0,6
TmXzwy,0,0,0,0,0,6
lriaojHmM,1,0,1,1,0,6
ACIMVdYNwR,1,0,1,0,0,8
scEaMNi,1,1,1,0,0,4
QAjCTaNEM,2,1,0,0,0,6
IoDpbnHxs,0,0,1,1,0,7
aGntkpM,1,0,0,0,0,6
GVEisfCd,0,1,1,0,0,6
tCvmzIpBe,0,1,1,0,0,7
NAoDFEPpk,1,1,0,1,0,6
fhslpz,0,0,0,0,0,6
GmgFTozjEL,0,1,0,1,0,8
pdMiZHGVD,0,0,1,0,0,8
HIjPSiAkaR,2,0,2,0,0,6
kYledyx,0,1,0,0,0,6
uStzjiZ,0,0,1,0,1,5
VyFnvmNaEq,1,1,0,0,0,8
tgeSsx,0,1,0,0,0,5
LxoPwutpD,0,0,0,1,1,7
aflbwzoD,1,0,0,1,0,6
tAODfboNFQ,1,0,0,2,0,7
ZdCHuO,0,0,0,1,1,4
GuRUAZj,1,0,0,0,2,4
ZmqWPxdH,0,0,0,0,0,8
yXhfVcnO,0,0,0,1,0,7
XIyVCSJ,0,0,1,0,0,6
MJfTevzKL,0,1,0,0,0,8
mtoUSGOHN,0,0,0,2,1,6
yDazbXo,1,0,0,1,0,5
oWdCKcpe,0,1,0,1,0,6
mgkxSB,0,0,0,0,0,6
aLsPpE,1,1,0,0,0,4
IxKtkXvM,0,0,1,0,0,7
XlDOHrbLTY,0,0,0,1,0,9
GwvFWHd,0,0,0,0,0,7
YgcoiuHQ,0,0,1,1,1,5
pModPi,0,0,1,1,0,4
eZhBOaE,1,2,0,1,0,3
uOSpdG,0,0,0,1,1,4
pQPhWvkN,0,0,0,0,0,8
NnGXvCiup,0,0,1,0,1,7
JYCQoeN,0,1,0,1,0,5
IiNmZSMr,0,0,2,0,0,6
PLrsNdzMFv,0,0,0,0,0,10
PWsYAif,1,0,1,0,0,5
SmBRCI,0,0,1,0,0,5
izYQKcM,0,0,1,0,0,6
EfuVjPh,0,1,0,0,1,5
oQHpVAK,1,0,0,1,0,5
AxTrfzq,1,0,0,0,0,6
SoDNGme,0,1,0,1,0,5
MHBzwVF,0,0,0,0,0,7
jnvzmS,0,0,0,0,0,6
mJsuAaZzTy,2,0,0,0,1,7
LYWcwDuk,0,0,0,0,1,7
ytSHxg,0,0,0,0,0,6
kEIXYJb,0,1,1,0,0,5
HCxvNAa,2,0,0,0,0,5
jheYso,0,1,0,1,0,4
PUlzaTy,1,0,0,0,1,5
heKldxS,0,1,0,0,0,6
BHGLuP,0,0,0,0,1,5
CYDRitI,0,0,2,0,0,5
acyiXFex,1,1,1,0,0,5
iPUmjzH,0,0,1,0,1,5
MTkwFJ,0,0,0,0,0,6
cGBDoVFy,0,0,0,1,0,7
RaytUThPZ,1,0,0,0,1,7
lrquAXg,1,0,0,0,1,5
DvfRaiNs,1,0,1,0,0,6
QoFdPNmIjc,0,0,1,1,0,8
UvFhmD,0,0,0,0,1,5
DvnXbO,0,0,0,1,0,5
IRuLgC,0,0,1,0,1,4
GFQWxySL,0,0,0,0,0,8
rMYauTj,1,0,0,0,1,5
oYVNaJXgw,1,0,0,1,0,7
NSiHwYrF,0,0,1,0,0,7
aEcVSAypJ,2,1,0,0,0,6
UluwSb,0,0,0,0,2,4
aSUKbyNl,1,0,0,0,1,6
fqrGtKQJPN,0,0,0,0,0,10
sOleum,0,1,0,1,1,3
xuIwDk,0,0,1,0,1,4
BsGoXQun,0,0,0,1,1,6
haEIdw,1,1,1,0,0,3
bXRlvNUfr,0,0,0,0,1,8
DqHyoQM,0,0,0,1,0,6
UchECZMv,0,1,0,0,1,6
OYZomzWMKj,0,0,0,2,0,8
cQzyFtdBCI,0,0,1,0,0,9
RVHQwfemq,0,1,0,0,0,8
CLgcRo,0,0,0,1,0,5
oJEcTwlL,0,1,0,1,0,6
aHIlBzLW,1,0,1,0,0,6
CjTsmJFL,0,0,0,0,0,8
bskTfKuh,0,0,0,0,1,7
JOVFTSE,0,1,0,1,0,5
OcEwQlsC,0,1,0,1,0,6
GgSfZmdV,0,0,0,0,0,8
laWYfkZUPB,1,0,0,0,1,8
ekRfDwy,0,1,0,0,0,6
FgvTJehboM,0,1,0,1,0,8
RNSetljrT,0,1,0,0,0,8
MewHVckxi,0,1,1,0,0,7
OdxepBH,0,1,0,1,0,5
PuMOdKFB,0,0,0,1,1,6
CPYgElLySv,0,1,0,0,0,9
GjcBpU,0,0,0,0,1,5
HVoTQLdAj,1,0,0,1,0,7
UMNkhoETH,0,1,0,1,1,6
SGkjLl,0,0,0,0,0,6
QdXAhR,1,0,0,0,0,5
qyuehMC,0,1,0,0,1,5
WYibpqBKP,0,0,1,0,0,8
FIVQktE,0,1,1,0,0,5
SePoCrJ,0,1,0,1,0,5
oTpNUsKDgA,1,0,0,1,1,7
rFbVUJHaj,1,0,0,0,1,7
hLdrqvzby,0,0,0,0,0,9
BIFVGCpg,0,0,1,0,0,7
yBErgZszX,0,1,0,0,0,8
FPfnxUp,0,0,0,0,1,6
mqTrdHWA,1,0,0,0,0,7
yGVmIonpOs,0,0,1,2,0,7
bSygUF,0,0,0,0,1,5
WJjUkp,0,0,0,0,1,5
SPVexXJRtA,1,1,0,0,0,8
aCLgcU,1,0,0,0,1,4
gJCiEcR,0,1,1,0,0,5
xlrRsYcb,0,0,0,0,0,8
RwlkLJXe,0,1,0,0,0,7
gUZPmh,0,0,0,0,1,5
TGZoRCUs,0,0,0,1,1,6
GrAmbvc,1,0,0,0,0,6
tJTpyi,0,0,1,0,0,5
dChEgq,0,1,0,0,0,5
sIcGnrVAz,1,0,1,0,0,7
ogrlVf,0,0,0,1,0,5
Ueshzxdkav,1,1,0,0,1,7
PsRrptqna,1,0,0,0,0,8
uzNrPmQjx,0,0,0,0,1,8
qcQzPYmu,0,0,0,0,1,7
roCUtPv,0,0,0,1,1,5
HtcnOS,0,0,0,1,0,5
FacfRUjp,1,0,0,0,1,6
nvxrCeDJ,0,1,0,0,0,7
QGOKuU,0,0,0,1,2,3
JBypnDP,0,0,0,0,0,7
KXFANHT,1,0,0,0,0,6
gUELsn,0,1,0,0,1,4
zPndely,0,1,0,0,0,6
DnZukCyMQ,0,0,0,0,1,8
XfuzTAGYHI,1,0,1,0,1,7
cilWYPpUXr,0,0,1,0,1,8
NujiwU,0,0,1,0,2,3
ShjJnye,0,1,0,0,0,6
VnUFXYJR,0,0,0,0,1,7
DLUdlxjpZt,0,0,0,0,1,9
bOaWCrvNVn,1,0,0,1,0,8
sgqrIAJ,1,0,1,0,0,5
bqMmBWgYV,0,0,0,0,0,9
FwyWUfr,0,0,0,0,1,6
sJrTKbq,0,0,0,0,0,7
RZaQdqMUcN,1,0,0,0,1,8
YAeEBorpG,1,2,0,1,0,5
QufiSsJBP,0,0,1,0,1,7
gwACKDmqL,1,0,0,0,0,8
gvoCph,0,0,0,1,0,5
BZTrHizOs,0,0,1,1,0,7
ocTbhJPzr,0,0,0,1,0,8
csSMAIEgy,1,1,1,0,0,6
JpStbfO,0,0,0,1,0,6
JwFdcfvUOS,0,0,0,1,1,8
HQWdXSMBA,1,0,0,0,0,8
lIkaRux,1,0,1,0,1,4
FphRWf,0,0,0,0,0,6
nFQZeTgb,0,1,0,0,0,7
WFlpbL,0,0,0,0,0,6
JTBXjPt,0,0,0,0,0,7
DkrBjd,0,0,0,0,0,6
pumbJTIX,0,0,1,0,1,6
wxanqhZ,1,0,0,0,0,6
oijQdZHKyF,0,0,1,1,0,8
hxjQEF,0,1,0,0,0,5
dSZhcMEk,0,1,0,0,0,7
HQGsIkUKr,0,0,1,0,1,7
AGsltS,1,0,0,0,0,5
rZPWMsbpj,0,0,0,0,0,9
RLsiwJI,0,0,2,0,0,5
DRtNVQrSaP,1,0,0,0,0,9
gGFfWR,0,0,0,0,0,6
UgbpGn,0,0,0,0,1,5
vwHAzN,1,0,0,0,0,5
TaPAIuO,2,0,1,1,1,2
IWlueUoM,0,1,1,1,2,3
pBqrbV,0,0,0,0,0,6
HVMvjX,0,0,0,0,0,6
lkdvMs,0,0,0,0,0,6
EXQxVRpgMb,0,1,0,0,0,9
sapYwE,1,1,0,0,0,4
SiPWKFnr,0,0,1,0,0,7
yQhCFNX,0,0,0,0,0,7
chPHXngQeV,0,1,0,0,0,9
eNBpiRMH,0,1,1,0,0,6
gRNIkhrX,0,0,1,0,0,7
zUKNBEiR,0,1,1,0,1,5
ZIbopNd,0,0,1,1,0,5
lQTydxHJ,0,0,0,0,0,8
qNJhMfk,0,0,0,0,0,7
OPMCoF,0,0,0,2,0,4
vfBVuMni,0,0,1,0,1,6
wRceWN,0,1,0,0,0,5
fpCZgW,0,0,0,0,0,6
DqkxNH,0,0,0,0,0,6
IajPuYctp,1,0,1,0,1,6
qgSwXy,0,0,0,0,0,6
BlAQGjOJ,1,0,0,1,0,6
jnDNozEpb,0,1,0,1,0,7
glCuVG,0,0,0,0,1,5
HjntJS,0,0,0,0,0,6
EhNJgi,0,1,1,0,0,4
aEcysY,1,1,0,0,0,4
XmiNfFGp,0,0,1,0,0,7
fXMlQCo,0,0,0,1,0,6
IXzJtq,0,0,1,0,0,5
OJydWIXr,0,0,1,1,0,6
NsfRmJWv,0,0,0,0,0,8
QwhOUkGMuD,0,0,0,1,2,7
hKztEFl,0,1,0,0,0,6
djSxyHB,0,0,0,0,0,7
TXfjcihLb,0,0,1,0,0,8
BzduwNUVTW,0,0,0,0,2,8
ZnmHdO,0,0,0,1,0,5
pCZyueX,0,1,0,0,1,5
QLqrGwP,0,0,0,0,0,7
NxlKoQvUD,0,0,0,1,1,7
rhZWoXUN,0,0,0,1,1,6
DHhnBr,0,0,0,0,0,6
pWMYzbL,0,0,0,0,0,7
qIQAMJ,1,0,1,0,0,4
oBdRwn,0,0,0,1,0,5
XYINVHG,0,0,1,0,0,6
tfCuPiJR,0,0,1,0,1,6
kRseJLyjf,0,1,0,0,0,8
JgpwBMnR,0,0,0,0,0,8
aGTkIiweb,1,1,2,0,0,5
IsWhOSbFZ,0,0,1,1,0,7
SHWdAywjB,1,0,0,0,0,8
ZozKcLYE,0,1,0,1,0,6
DwFAHz,1,0,0,0,0,5
HwjCtdMFWp,0,0,0,0,0,10
BPmbTZkc,0,0,0,0,0,8
LYfwaZkXFq,1,0,0,0,0,9
YUKEgQNS,0,1,0,0,1,6
enovVrJB,0,1,0,1,0,6
ZtnCebcRT,0,1,0,0,0,8
PGyjFCM,0,0,0,0,0,7
ftLOjcmoxH,0,0,0,2,0,8
sTBLenR,0,1,0,0,0,6
HoNJdMkSqD,0,0,0,1,0,9
fWlDBVcFj,0,0,0,0,0,9
GeAjzlM,1,1,0,0,0,5
arQTxSRNIb,1,0,1,0,0,8
eyicHgJ,0,1,1,0,0,5
GLVjJh,0,0,0,0,0,6
oYKzUhl,0,0,0,1,1,5
iLbPBoy,0,0,1,1,0,5
QDbBoz,0,0,0,1,0,5
vBEKORAl,1,1,0,1,0,5
LkelVsPQt,0,1,0,0,0,8
iVylEqaP,1,1,1,0,0,5
aGLufz,1,0,0,0,1,4
ofAyutC,1,0,0,1,1,4
SrTtsWzRek,0,1,0,0,0,9
dOkLGn,0,0,0,1,0,5
WyrxLtn,0,0,0,0,0,7
JMIELujO,0,1,1,1,1,4
fhFKryX,0,0,0,0,0,7
rRTMIuDoi,0,0,2,1,1,5
atPLWrM,1,0,0,0,0,6
RQgGdx,0,0,0,0,0,6
CHsZdn,0,0,0,0,0,6
oMugFS,0,0,0,1,1,4
UPufVxH,0,0,0,0,2,5
PYEdVX,0,1,0,0,0,5
NALHUW,1,0,0,0,1,4
dRWOIT,0,0,1,1,0,4
AGMwlstBYk,1,0,0,0,0,9
IZOktiuBr,0,0,2,1,1,5
jJxCLVY,0,0,0,0,0,7
uPXtesaOA,2,1,0,1,1,4
hMtbqB,0,0,0,0,0,6
aTDyHSAqMm,2,0,0,0,0,8
iuABKZmSD,1,0,1,0,1,6
QwBYNXhq,0,0,0,0,0,8
fIRJGdlxk,0,0,1,0,0,8
TmrdxY,0,0,0,0,0,6
ESDPbZs,0,1,0,0,0,6
YaIgiZBA,2,0,2,0,0,4
esEmkfY,0,2,0,0,0,5
fRoLqQOpMr,0,0,0,2,0,8
NelvFcRbnE,0,2,0,0,0,8
mjHKywgEYP,0,1,0,0,0,9
osGpWqBy,0,0,0,1,0,7
ujGVEceY,0,2,0,0,1,5
hOdJeFVbn,0,1,0,1,0,7
sujqGYE,0,1,0,0,1,5
sHaveBVAEZ,2,2,0,0,0,6
dCBSKykwX,0,0,0,0,0,9
iJyheID,0,1,2,0,0,4
mhSEMFlyQ,0,1,0,0,0,8
lzEybhrpo,0,1,0,1,0,7
ZMFLQWtdl,0,0,0,0,0,9
FwrDpk,0,0,0,0,0,6
GOTRdj,0,0,0,1,0,5
xepHhF,0,1,0,0,0,5
rfMxjk,0,0,0,0,0,6
lbFDxAHgo,1,0,0,1,0,7
naGWYfp,1,0,0,0,0,6
BMwnsTIjto,0,0,1,1,0,8
YvUmoPpWT,0,0,0,1,1,7
LJcdnzI,0,0,1,0,0,6
dphBUtSZ,0,0,0,0,1,7
HXJSvqy,0,0,0,0,0,7
ZTQhcpIto,0,0,1,1,0,7
shZVIETo,0,1,1,1,0,5
prcgTf,0,0,0,0,0,6
VcoMef,0,1,0,1,0,4
OzZlCbq,0,0,0,1,0,6
JiPOnwS,0,0,1,1,0,5
xIZmiCnvSV,0,0,2,0,0,8
HNLirWQM,0,0,1,0,0,7
NPCvMd,0,0,0,0,0,6
eCNJdF,0,1,0,0,0,5
WxwCFkfmK,0,0,0,0,0,9
qPkNzK,0,0,0,0,0,6
uSBgLn,0,0,0,0,1,5
fJEZhv,0,1,0,0,0,5
SpRiEr,0,1,1,0,0,4
eIQADp,1,1,1,0,0,3
veAmxp,1,1,0,0,0,4
JscBtj,0,0,0,0,0,6
OgKftRTySr,0,0,0,1,0,9
HOkmVC,0,0,0,1,0,5
eBjwFCGJi,0,1,1,0,0,7
EtgcTX,0,1,0,0,0,5
paDAwuEVjB,2,1,0,0,1,6
AwvXHlQ,1,0,0,0,0,6
fsIcrk,0,0,1,0,0,5
ltxuXOiES,0,1,1,1,1,5
NjdkyEUXQs,0,1,0,0,1,8
OmqyWjELn,0,1,0,1,0,7
siKcfe,0,1,1,0,0,4
KubzpWj,0,0,0,0,1,6
RlZVuepk,0,1,0,0,1,6
NUFgEev,0,2,0,0,1,4
inedwP,0,1,1,0,0,4
aeByLr,1,1,0,0,0,4
dlXpcgZA,1,0,0,0,0,7
LkUTERp,0,1,0,0,1,5
WIZJvCFL,0,0,1,0,0,7
rtshHglMv,0,0,0,0,0,9
gpXVHA,1,0,0,0,0,5
HNMousdm,0,0,0,1,1,6
pJMZaAX,2,0,0,0,0,5
bSEwjOd,0,1,0,1,0,5
qvGzjh,0,0,0,0,0,6
ziVALF,1,0,1,0,0,4
wSOzPqIH,0,0,1,1,0,6
CgIMJatwbk,1,0,1,0,0,8
qCikoFnju,0,0,1,1,1,6
pMhfANIH,1,0,1,0,0,6
YzGKIetvJd,0,1,1,0,0,8
iaXRyckF,1,0,1,0,0,6
EQXMtS,0,1,0,0,0,5
jxhctSMk,0,0,0,0,0,8
iAbxHGdRk,1,0,1,0,0,7
SsGDcVxIe,0,1,1,0,0,7
HkCNOsFa,1,0,0,1,0,6
VoLulR,0,0,0,1,1,4
yudMgrLe,0,1,0,0,1,6
VCQaKRd,1,0,0,0,0,6
cUZbPQD,0,0,0,0,1,6
epGHDI,0,1,1,0,0,4
lHeLcdOGE,0,2,0,1,0,6
elWPLj,0,1,0,0,0,5
bOryKsv,0,0,0,1,0,6
PJhnomxiuz,0,0,1,1,1,7
fmDZAt,1,0,0,0,0,5
ntUYRySExK,0,1,0,0,1,8
uaSlGVPojA,2,0,0,1,1,6
dXLAFURn,1,0,0,0,1,6
hJrOXkLY,0,0,0,1,0,7
lkQbKDiy,0,0,1,0,0,7
rWwpUbF,0,0,0,0,1,6
JUgjNLrYf,0,0,0,0,1,8
ZOWvrojhk,0,0,0,2,0,7
rWNhqOTR,0,0,0,1,0,7
SDHWpviOoh,0,0,1,2,0,7
boRzQfP,0,0,0,1,0,6
JDuPkeF,0,1,0,0,1,5
qpXQBHdGET,0,1,0,0,0,9
DsZSeu,0,1,0,0,1,4
hmGZrLsp,0,0,0,0,0,8
ytVGzqi,0,0,1,0,0,6
lbVEBW,0,1,0,0,0,5
DXIUlkBWO,0,0,1,1,1,6
tYXrqcNU,0,0,0,0,1,7
tVLjRq,0,0,0,0,0,6
lGhPuqxLA,1,0,0,0,1,7
IScYzjVB,0,0,1,0,0,7
WEredMBZ,0,2,0,0,0,6
IBTpCwfqo,0,0,1,1,0,7
UPBmObTh,0,0,0,1,1,6
fuyPgzK,0,0,0,0,1,6
lwRjncduqH,0,0,0,0,1,9
wNLFQrc,0,0,0,0,0,7
EIvRoZ,0,1,1,1,0,3
LodSYtUsF,0,0,0,1,1,7
gdGxSWfCq,0,0,0,0,0,9
cJzwkFH,0,0,0,0,0,7
WFPqBZw,0,0,0,0,0,7
DZrEjRq,0,1,0,0,0,6
YqdehATFxv,1,1,0,0,0,8
yNFzrULOdo,0,0,0,2,1,7
KaNhTLr,1,0,0,0,0,6
ifRyxw,0,0,1,0,0,5
gbUQvEX,0,1,0,0,1,5
HvwPYfB,0,0,0,0,0,7
KfPBdQiFG,0,0,1,0,0,8
WDnOPmaVUd,1,0,0,1,1,7
mkXxFZsu,0,0,0,0,1,7
giojqSABwH,1,0,1,1,0,7
HuYgcS,0,0,0,0,1,5
YoMpfPbh,0,0,0,1,0,7
JKjbnEp,0,1,0,0,0,6
PcFyLh,0,0,0,0,0,6
pNrFUAb,1,0,0,0,1,5
mgeDcvP,0,1,0,0,0,6
yjWrRCKQkh,0,0,0,0,0,10
jaTCbB,1,0,0,0,0,5
ucCEYo,0,1,0,1,1,3
fpVUFs,0,0,0,0,1,5
sLdPDw,0,0,0,0,0,6
ReEwYK,0,2,0,0,0,4
VnzMxR,0,0,0,0,0,6
qoQwfVYOPg,0,0,0,2,0,8
bAajwg,2,0,0,0,0,4
pROgKyh,0,0,0,1,0,6
AsrmKYShbo,1,0,0,1,0,8
SABLsHDquC,1,0,0,0,1,8
KzaPVL,1,0,0,0,0,5
tsGpVO,0,0,0,1,0,5
JTSByw,0,0,0,0,0,6
ufDWRhp,0,0,0,0,1,6
txCcnFK,0,0,0,0,0,7
SEwuIp,0,1,1,0,1,3
IkgZft,0,0,1,0,0,5
HMNSPzlOr,0,0,0,1,0,8
zUxMciWN,0,0,1,0,1,6
TOfNwvZU,0,0,0,1,1,6
ZCHNGqt,0,0,0,0,0,7
YTeSAWsX,1,1,0,0,0,6
gqrAluXDY,1,0,0,0,1,7
NUXgfYT,0,0,0,0,1,6
LgqOWld,0,0,0,1,0,6
ANjkhadfu,2,0,0,0,1,6
wjyRNmkL,0,0,0,0,0,8
vwFbQcZ,0,0,0,0,0,7
FekmwYn,0,1,0,0,0,6
RNTxqF,0,0,0,0,0,6
ihKajdFf,1,0,1,0,0,6
ANphEIbM,1,1,1,0,0,5
XERoyVw,0,1,0,1,0,5
pcQRTEJ,0,1,0,0,0,6
vlORTIxUnN,0,0,1,1,1,7
FGClncB,0,0,0,0,0,7
DsibTSxA,1,0,1,0,0,6
xQfHZp,0,0,0,0,0,6
PSFMZrwR,0,0,0,0,0,8
RtlHWanQj,1,0,0,0,0,8
xpeVRjHq,0,1,0,0,0,7
CVMBKi,0,0,1,0,0,5
XhASJsxCeP,1,1,0,0,0,8
iLtbTEM,0,1,1,0,0,5
FPMorSxqY,0,0,0,1,0,8
KqmfVat,1,0,0,0,0,6
Xqfcvs,0,0,0,0,0,6
TVxvQgA,1,0,0,0,0,6
oAepFwb,1,1,0,1,0,4
AVjPFBa,2,0,0,0,0,5
EXjJgmiIs,0,1,2,0,0,6
LozAlWwvt,1,0,0,1,0,7
FJAMrWb,1,0,0,0,0,6
YJZRUL,0,0,0,0,1,5
LHhVfnDTNy,0,0,0,0,0,10
hbfEUp,0,1,0,0,1,4
gnOswzp,0,0,0,1,0,6
hZkuUdv,0,0,0,0,2,5
rvRjAdMtfB,1,0,0,0,0,9
UzMfqd,0,0,0,0,1,5
YsfcaC,1,0,0,0,0,5
PizFhMdSgl,0,0,1,0,0,9
WPrzCxNFZu,0,0,0,0,1,9
GLshBIid,0,0,2,0,0,6
vtRLOi,0,0,1,1,0,4
dwPXlO,0,0,0,1,0,5
njduzM,0,0,0,0,1,5
nyqliobKrY,0,0,1,1,0,8
EiGQBFc,0,1,1,0,0,5
rsXMQdO,0,0,0,1,0,6
poquYWIXfB,0,0,1,1,1,7
XJpqfjWb,0,0,0,0,0,8
nipmRVBwL,0,0,1,0,0,8
NCEhWz,0,1,0,0,0,5
CJngeDv,0,1,0,0,0,6
rQcPHEg,0,1,0,0,0,6
JdRNHEw,0,1,0,0,0,6
lSwYruCFJM,0,0,0,0,1,9
dLhVge,0,1,0,0,0,5
QVLZqpSd,0,0,0,0,0,8
lWwvHaC,1,0,0,0,0,6
ClwgLcpo,0,0,0,1,0,7
aYcszZDbRt,1,0,0,0,0,9
vtMgEPLk,0,1,0,0,0,7
JuczYtG,0,0,0,0,1,6
xhiMFX,0,0,1,0,0,5
kbUDmxctMe,0,1,0,0,1,8
pNYIKlw,0,0,1,0,0,6
fmTsCe,0,1,0,0,0,5
jgCFmE,0,1,0,0,0,5
AOdrFeKW,1,1,0,1,0,5
bvyCaFmRpr,1,0,0,0,0,9
qEJodfAs,1,1,0,1,0,5
DtwCSIZ,0,0,1,0,0,6
cOAYNRVuFU,1,0,0,1,2,6
XuwIDbkG,0,0,1,0,1,6
HLrWSgXJEx,0,1,0,0,0,9
nlQrzO,0,0,0,1,0,5
ktEeqhyNUw,0,2,0,0,1,7
QNbItJBD,0,0,1,0,0,7
vekuQAIN,1,1,1,0,1,4
UrcLEXN,0,1,0,0,1,5
hgKNWMR,0,0,0,0,0,7
izMCcnl,0,0,1,0,0,6
AQbZjUD,1,0,0,0,1,5
HIyCkDq,0,0,1,0,0,6
aZrdWAnzK,2,0,0,0,0,7
BdPkqHeuz,0,1,0,0,1,7
OfmvpaDFn,1,0,0,1,0,7
eNtTkPFibp,0,1,1,0,0,8
xsNXuQmY,0,0,0,0,1,7
OzBQMXwiE,0,1,1,1,0,6
grwjsoaLN,1,0,0,1,0,7
lokZpifDz,0,0,1,1,0,7
mxVwEQ,0,1,0,0,0,5
NmloznF,0,0,0,1,0,6
ieJacWgU,1,1,1,0,1,4
qIzURb,0,0,1,0,1,4
OAmQxY,1,0,0,1,0,4
aOQVMxu,1,0,0,1,1,4
rEhSFqyRH,0,1,0,0,0,8
vjXpDaS,1,0,0,0,0,6
sRpYNe,0,1,0,0,0,5
jmytAXD,1,0,0,0,0,6
IulEkdJ,0,1,1,0,1,4
XNujAMDmVa,2,0,0,0,1,7
NClqLY,0,0,0,0,0,6
fxSsgY,0,0,0,0,0,6
zUnPoKa,1,0,0,1,1,4
ETUPDA,1,1,0,0,1,3
XyLAuc,1,0,0,0,1,4
spkwxNalj,1,0,0,0,0,8
hxuWwABMXr,1,0,0,0,1,8
oanZQPg,1,0,0,1,0,5
FqQXni,0,0,1,0,0,5
MEHlDN,0,1,0,0,0,5
uOANVHT,1,0,0,1,1,4
ykZFsG,0,0,0,0,0,6
mGxLAjnVH,1,0,0,0,0,8
eRxjabI,1,1,1,0,0,4
Rhexwvd,0,1,0,0,0,6
WhHQAFDRzg,1,0,0,0,0,9
fQwHoOMhD,0,0,0,2,0,7
PnQkDCsO,0,0,0,1,0,7
fFUWMXPYnx,0,0,0,0,1,9
OjsZKFN,0,0,0,1,0,6
PhAoRq,1,0,0,1,0,4
VgeLKY,0,1,0,0,0,5
ShlHtPVwFJ,0,0,0,0,0,10
Ouwalkzncx,1,0,0,1,1,7
eZvScdmwR,0,1,0,0,0,8
LbzWOem,0,1,0,1,0,5
EOKWaN,1,1,0,1,0,3
qWzlQOV,0,0,0,1,0,6
awuYkBqIeA,2,1,1,0,1,5
vyXZawjB,1,0,0,0,0,7
iVXzmk,0,0,1,0,0,5
ERIiZps,0,1,2,0,0,4
jdiTzk,0,0,1,0,0,5
MRrnmCa,1,0,0,0,0,6
qUEWCyNLvZ,0,1,0,0,1,8
CRYzfv,0,0,0,0,0,6
jwBJfP,0,0,0,0,0,6
nkBNxYgG,0,0,0,0,0,8
HEwUzicQuF,0,1,1,0,2,6
LcTPslh,0,0,0,0,0,7
aGQynh,1,0,0,0,0,5
fytVqYJ,0,0,0,0,0,7
wcPIeE,0,2,1,0,0,3
KAEwtxkyh,1,1,0,0,0,7
DBayFz,1,0,0,0,0,5
bBaukz,1,0,0,0,1,4
wsCIDzm,0,0,1,0,0,6
ptwmKU,0,0,0,0,1,5
sPLdBGjV,0,0,0,0,0,8
JEiyBqW,0,1,1,0,0,5
QKqXnWVrsw,0,0,0,0,0,10
TefLUV,0,1,0,0,1,4
zrdjVl,0,0,0,0,0,6
chEYFODiq,0,1,1,1,0,6
rpuCmeSIqP,0,1,1,0,1,7
gZHxMqVUE,0,1,0,0,1,7
bHrWXCw,0,0,0,0,0,7
wRLvxza,1,0,0,0,0,6
yfKYxJU,0,0,0,0,1,6
bMwziH,0,0,1,0,0,5
duTcPVBCAQ,1,0,0,0,1,8
mTkUCIgD,0,0,1,0,1,6
tYzRbk,0,0,0,0,0,6
NzghJEp,0,1,0,0,0,6
CSWEeJsYxt,0,2,0,0,0,8
OjAEFe,1,2,0,1,0,2
UKDnczp,0,0,0,0,1,6
jZbgzl,0,0,0,0,0,6
tPQAKOhBb,1,0,0,1,0,7
FlkfQMEmJe,0,2,0,0,0,8
NfTqUGHQVX,0,0,0,0,1,9
FkoLaY,1,0,0,1,0,4
EbSvsPQ,0,1,0,0,0,6
ZbRFEHCkXl,0,1,0,0,0,9
TYmuDz,0,0,0,0,1,5
HvWqecapVy,1,1,0,0,0,8
BObsyKv,0,0,0,1,0,6
dvEZwgl,0,1,0,0,0,6
mFyokrLOJi,0,0,1,2,0,7
WLJPBj,0,0,0,0,0,6
XncqENh,0,1,0,0,0,6
JgyFCUEqD,0,1,0,0,1,7
mpyAlojEM,1,1,0,1,0,6
CLrayAX,2,0,0,0,0,5
xXrntYVS,0,0,0,0,0,8
LnpobUFDc,0,0,0,1,1,7
WiCEqTo,0,1,1,1,0,4
HCuDZE,0,1,0,0,1,4
ojiugD,0,0,1,1,1,3
KdcBPT,0,0,0,0,0,6
esULvZCErO,0,2,0,1,1,6
uHGUptJmd,0,0,0,0,2,7
XcAhLG,1,0,0,0,0,5
ysgdnrlRt,0,0,0,0,0,9
yhlWcAFCvp,1,0,0,0,0,9
nxeAquSiy,1,1,1,0,1,5
RCHfhFE,0,1,0,0,0,6
xHwjiGsnNd,0,0,1,0,0,9
QRnztMhVy,0,0,0,0,0,9
EPJoGbfg,0,1,0,1,0,6
RqlvtCzMQE,0,1,0,0,0,9
YoWRsFZ,0,0,0,1,0,6
oQrwglIKhB,0,0,1,1,0,8
OAbTMDzsw,1,0,0,1,0,7
IDZhyWUxAV,1,0,1,0,1,7
PzcugsJwA,1,0,0,0,1,7
hdONvbo,0,0,0,2,0,5
BbmAoirsL,1,0,1,1,0,6
FlwjkHJ,0,0,0,0,0,7
zmAdqhgRI,1,0,1,0,0,7
wdOzTtAy,1,0,0,1,0,6
XitOUEFCje,0,2,1,1,1,5
cmkIriMVN,0,0,2,0,0,7
fdnNXg,0,0,0,0,0,6
xMksJbU,0,0,0,0,1,6
nVfWxkE,0,1,0,0,0,6
zdafxVKT,1,0,0,0,0,7
tZqLWbAd,1,0,0,0,0,7
KPxgyhuE,0,1,0,0,1,6
iscALwjM,1,0,1,0,0,6
VKImyNHEko,0,1,1,1,0,7
KEpFmUns,0,1,0,0,1,6
jzgGFfZ,0,0,0,0,0,7
kpneZli,0,1,1,0,0,5
rqtJmg,0,0,0,0,0,6
MIQEGUvg,0,1,1,0,1,5
rWTKuSOm,0,0,0,1,1,6
YOdKRVButC,0,0,0,1,1,8
OQlbeA,1,1,0,1,0,3
frbJYP,0,0,0,0,0,6
SJnKCXH,0,0,0,0,0,7
UndKgrcMwa,1,0,0,0,1,8
xkhOTcYA,1,0,0,1,0,6
tVXQvzxGI,0,0,1,0,0,8
pVFLTr,0,0,0,0,0,6
pIGMSzE,0,1,1,0,0,5
coPqjiDVS,0,0,1,1,0,7
zRbPIQiFMA,1,0,2,0,0,7
RwfxMJ,0,0,0,0,0,6
oOpJjn,0,0,0,2,0,4
eSVbqjvYI,0,1,1,0,0,7
mYhXVO,0,0,0,1,0,5
lerQkiWA,1,1,1,0,0,5
PoWDkJ,0,0,0,1,0,5
qvfcwW,0,0,0,0,0,6
JWCXtxASje,1,1,0,0,0,8
rwKBzm,0,0,0,0,0,6
IdRaBLvcW,1,0,1,0,0,7
nlDViQ,0,0,1,0,0,5
ANUTqg,1,0,0,0,1,4
zRjZMb,0,0,0,0,0,6
vkmFlD,0,0,0,0,0,6
guXSwD,0,0,0,0,1,5
ULfqydn,0,0,0,0,1,6
LcvyKTB,0,0,0,0,0,7
pZbAiagl,2,0,1,0,0,5
HsmWnZc,0,0,0,0,0,7
ZOnzhfpIjt,0,0,1,1,0,8
nDTiZLc,0,0,1,0,0,6
IESFhit,0,1,2,0,0,4
UwSvdBb,0,0,0,0,1,6
rjeMwBt,0,1,0,0,0,6
HoNpXuky,0,0,0,1,1,6
rawTBSgXFP,1,0,0,0,0,9
FiVNwZJp,0,0,1,0,0,7
NIhgeG,0,1,1,0,0,4
zGYUZAEcJ,1,1,0,0,1,6
ejJCfdn,0,1,0,0,0,6
DoPBALWYM,1,0,0,1,0,7
yMwEXkYoW,0,1,0,1,0,7
ZxXAnhLE,1,1,0,0,0,6
YSQcomAN,1,0,0,1,0,6
ubLYnRk,0,0,0,0,1,6
PRzijqdo,0,0,1,1,0,6
clnfxhv,0,0,0,0,0,7
abEwOMxz,1,1,0,1,0,5
AISeGUV,1,1,1,0,1,3
crOMzl,0,0,0,1,0,5
SAaOEnm,2,1,0,1,0,3
wdmUcYGxjX,0,0,0,0,1,9
IuTKqbRf,0,0,1,0,1,6
NfaxSRyi,1,0,1,0,0,6
TLYnMu,0,0,0,0,1,5
TcbOkClw,0,0,0,1,0,7
knqcJOj,0,0,0,1,0,6
tbulwLUEvW,0,1,0,0,2,7
aEpsCq,1,1,0,0,0,4
pblEvR,0,1,0,0,0,5
uOJlpe,0,1,0,1,1,3
KgjZTwYf,0,0,0,0,0,8
mdZaYwlD,1,0,0,0,0,7
nNUimbh,0,0,1,0,1,5
BbQjlUIZV,0,0,1,0,1,7
LlrucRZa,1,0,0,0,1,6
CSMpiH,0,0,1,0,0,5
vKzZFyRx,0,0,0,0,0,8
JgtFYK,0,0,0,0,0,6
cpwTloWV,0,0,0,1,0,7
yGnPsxBdO,0,0,0,1,0,8
lSEyYmQz,0,1,0,0,0,7
bGOKQxtIa,1,0,1,1,0,6
UMCKjvaqfk,1,0,0,0,1,8
ofGaIrgzh,1,0,1,1,0,6
ifVxGNsvpU,0,0,1,0,1,8
iTkHNs,0,0,1,0,0,5
xZaVAu,2,0,0,0,1,3
qVfCEt,0,1,0,0,0,5
DCzpvjAWde,1,1,0,0,0,8
ajpLNnsfq,1,0,0,0,0,8
aMtOKYZTI,1,0,1,1,0,6
dqTGIy,0,0,1,0,0,5
BdaxuOXK,1,0,0,1,1,5
lucwUkWI,0,0,1,0,2,5
jWKlnADP,1,0,0,0,0,7
DIBCwb,0,0,1,0,0,5
XeEkPgpNlh,0,2,0,0,0,8
JNZWvlXuV,0,0,0,0,1,8
zsZBkSfu,0,0,0,0,1,7
HzVgFsiNM,0,0,1,0,0,8
GcHnuSsL,0,0,0,0,1,7
XwIzLOHu,0,0,1,1,1,5
iUWsPyTre,0,1,1,0,1,6
vAiOrewqf,1,1,1,1,0,5
nFBhzg,0,0,0,0,0,6
OWdeVrpK,0,1,0,1,0,6
fMNeUWTLb,0,1,0,0,1,7
OzNPxhYwB,0,0,0,1,0,8
uRZDskzI,0,0,1,0,1,6
eogupaZvbH,1,1,0,1,1,6
TaWIhoH,1,0,1,1,0,4
ecStDwKkLQ,0,1,0,0,0,9
junNOTmR,0,0,0,1,1,6
VqfYjQF,0,0,0,0,0,7
rPCaUKWzsh,1,0,0,0,1,8
VitKxN,0,0,1,0,0,5
WLvsoltrY,0,0,0,1,0,8
jGLgtyqhbY,0,0,0,0,0,10
xsDovg,0,0,0,1,0,5
hlKJoSH,0,0,0,1,0,6
EXYkHPh,0,1,0,0,0,6
RkIoxHcQ,0,0,1,1,0,6
zFAZTNLPn,1,0,0,0,0,8
fxQrBum,0,0,0,0,1,6
YzplfDFTt,0,0,0,0,0,9
YfOPuK,0,0,0,1,1,4
FYrJBzjt,0,0,0,0,0,8
wrnYscLHh,0,0,0,0,0,9
KBMoIYLZet,0,1,1,1,0,7
hbGYRA,1,0,0,0,0,5
pqOvoYlWh,0,0,0,2,0,7
gsZrSQl,0,0,0,0,0,7
ubfnExOJd,0,1,0,1,1,6
cfxpEJ,0,1,0,0,0,5
NpHLdCO,0,0,0,1,0,6
FgsdzNh,0,0,0,0,0,7
nJSqimekzu,0,1,1,0,1,7
IfnVwcCSH,0,0,1,0,0,8
ZYFaRXNnc,1,0,0,0,0,8
LbndzXkcKa,1,0,0,0,0,9
VFdJIcXP,0,0,1,0,0,7
LzUNTrhBkS,0,0,0,0,1,9
LOWYnXJ,0,0,0,1,0,6
YqzCbwuXnm,0,0,0,0,1,9
SnMfgHEBh,0,1,0,0,0,8
EchQkMqLjK,0,1,0,0,0,9
uwIJkoCZ,0,0,1,1,1,5
ScgyjV,0,0,0,0,0,6
vCRNciPIE,0,1,2,0,0,6
pzXcWnv,0,0,0,0,0,7
NyflEvhs,0,1,0,0,0,7
sRiMyZ,0,0,1,0,0,5
ZMtskO,0,0,0,1,0,5
XQehVtlqro,0,1,0,1,0,8
gUjpxY,0,0,0,0,1,5
vMELaNU,1,1,0,0,1,4
hrFAzBVRZ,1,0,0,0,0,8
oLROAhx,1,0,0,2,0,4
bxpigVatc,1,0,1,0,0,7
TJXnlUz,0,0,0,0,1,6
AypckXO,1,0,0,1,0,5
HkqrLscNy,0,0,0,0,0,9
XPutwH,0,0,0,0,1,5
uHcXNjdvY,0,0,0,0,1,8
RUTrEqYuKX,0,1,0,0,2,7
mjXqndHF,0,0,0,0,0,8
ElSrAMQI,1,1,1,0,0,5
lcCLiAS,1,0,1,0,0,5
bjmoupcWs,0,0,0,1,1,7
KgSAth,1,0,0,0,0,5
APbOlR,1,0,0,1,0,4
nhaeJMGk,1,1,0,0,0,6
BdVTqb,0,0,0,0,0,6
POcipCyQ,0,0,1,1,0,6
WrvtqsL,0,0,0,0,0,7
lrdPynKS,0,0,0,0,0,8
tiUBAD,1,0,1,0,1,3
frROvYy,0,0,0,1,0,6
UOSMzFidV,0,0,1,1,1,6
JrlAsjwhg,1,0,0,0,0,8
KwUVCHM,0,0,0,0,1,6
cCwEnma,1,1,0,0,0,5
LhuTnmKi,0,0,1,0,1,6
cGNZnQvus,0,0,0,0,1,8
JiVbGdWvRg,0,0,1,0,0,9
Eamwhr,1,1,0,0,0,4
aoNZstWRY,1,0,0,1,0,7
uYJdfTyL,0,0,0,0,1,7
MEdxHhI,0,1,1,0,0,5
HbUCETNDM,0,1,0,0,1,7
rHpeRK,0,1,0,0,0,5
dhRGevMFyV,0,1,0,0,0,9
YVwEZom,0,1,0,1,0,5
IdaPxRitqu,1,0,2,0,1,6
hHTkiDNQu,0,0,1,0,1,7
EpxMIiub,0,1,2,0,1,4
sqfnDZ,0,0,0,0,0,6
KZixeWgSuC,0,1,1,0,1,7
dLyQiR,0,0,1,0,0,5
VlYhNbx,0,0,0,0,0,7
garYkANS,2,0,0,0,0,6
yvfZbW,0,0,0,0,0,6
wkvtJm,0,0,0,0,0,6
bRkfXSPlA,1,0,0,0,0,8
QoKJznXLgc,0,0,0,1,0,9
UPmFwMlDd,0,0,0,0,1,8
AyFBGPMN,1,0,0,0,0,7
TDVgeL,0,1,0,0,0,5
qQxOugN,0,0,0,1,1,5
MSIPnbkmOf,0,0,1,1,0,8
OGUTmh,0,0,0,1,1,4
fXSldEP,0,1,0,0,0,6
qsnGYir,0,0,1,0,0,6
YTVZcrj,0,0,0,0,0,7
ZXlhyVE,0,1,0,0,0,6
SuVUkA,1,0,0,0,2,3
BlZCXMf,0,0,0,0,0,7
SkYyvHZ,0,0,0,0,0,7
HsKunvJyrV,0,0,0,0,1,9
wrWGsYKeb,0,1,0,0,0,8
LiyBXfghQO,0,0,1,1,0,8
CvLnSlB,0,0,0,0,0,7
tbZjEFu,0,1,0,0,1,5
KqCgFSP,0,0,0,0,0,7
yNlasOT,1,0,0,1,0,5
crUTeDs,0,1,0,0,1,5
kCVZPqTc,0,0,0,0,0,8
UzmaMw,1,0,0,0,1,4
oHvOpUWcY,0,0,0,2,1,6
mJadGS,1,0,0,0,0,5
UYuDOB,0,0,0,1,2,3
eNCkJIR,0,1,1,0,0,5
BNZfFGOms,0,0,0,1,0,8
usAfLKo,1,0,0,1,1,4
BlMrZxQm,0,0,0,0,0,8
SQGowemX,0,1,0,1,0,6
rlIAtofGEK,1,1,1,1,0,6
CrvUJHTuRz,0,0,0,0,2,8
lcfsUe,0,1,0,0,1,4
tQGdbRAUe,1,1,0,0,1,6
psZJzSUvIw,0,0,1,0,1,8
wtjzib,0,0,1,0,0,5
qJdkRmICX,0,0,1,0,0,8
DLigycK,0,0,1,0,0,6
rmWypK,0,0,0,0,0,6
GEKOpx,0,1,0,1,0,4
svbKta,1,0,0,0,0,5
RSVdlo,0,0,0,1,0,5
vBPmdrtFJ,0,0,0,0,0,9
LurRxU,0,0,0,0,2,4
EHlniM,0,1,1,0,0,4
LTVHWi,0,0,1,0,0,5
oTCmOq,0,0,0,2,0,4
tlsdVDHQGP,0,0,0,0,0,10
sNnwTm,0,0,0,0,0,6
hBqIan,1,0,1,0,0,4
iFzGkjd,0,0,1,0,0,6
iQlIMo,0,0,2,1,0,3
YRkNgXAm,1,0,0,0,0,7
tiqPZE,0,1,1,0,0,4
TWLJUf,0,0,0,0,1,5
cRCztlvXA,1,0,0,0,0,8
BsmcvPM,0,0,0,0,0,7
ShtMDNHBp,0,0,0,0,0,9
DRivupEF,0,1,1,0,1,5
GTUWswJ,0,0,0,0,1,6
NvtJLxo,0,0,0,1,0,6
tMlBvD,0,0,0,0,0,6
KpaSCDk,1,0,0,0,0,6
oiCUdR,0,0,1,1,1,3
ptDLoaO,1,0,0,2,0,4
goepQBvn,0,1,0,1,0,6
WPDJKbrpw,0,0,0,0,0,9
AHyJYolfNT,1,0,0,1,0,8
SmTgkEV,0,1,0,0,0,6
ylUHgWnwR,0,0,0,0,1,8
QCXWxs,0,0,0,0,0,6
Nfsgln,0,0,0,0,0,6
VepZcoHrX,0,1,0,1,0,7
VCdrgnRGq,0,0,0,0,0,9
tsAGekO,1,1,0,1,0,4
jrgfmGUzlv,0,0,0,0,1,9
cjvSOx,0,0,0,1,0,5
zGEbRNDdst,0,1,0,0,0,9
GfhncwuD,0,0,0,0,1,7
jUrsMg,0,0,0,0,1,5
poAqjI,1,0,1,1,0,3
JoridL,0,0,1,1,0,4
VYMNjPgmQ,0,0,0,0,0,9
fjMPELZOb,0,1,0,1,0,7
yYHrfK,0,0,0,0,0,6
RMWUwSG,0,0,0,0,1,6
QyPVvuN,0,0,0,0,1,6
OiKldHVr,0,0,1,1,0,6
NegQrGHAM,1,1,0,0,0,7
VutdDigQv,0,0,1,0,1,7
mjqsaGzLD,1,0,0,0,0,8
GpPkNB,0,0,0,0,0,6
HNcLyFoa,1,0,0,1,0,6
kHPAoQxsV,1,0,0,1,0,7
lreSzM,0,1,0,0,0,5
ARxYPtcd,1,0,0,0,0,7
uXiIwH,0,0,2,0,1,3
OSZueGf,0,1,0,1,1,4
qdPaStkWwh,1,0,0,0,0,9
IQMsZl,0,0,1,0,0,5
uHxyUToq,0,0,0,1,2,5
jBEnqmY,0,1,0,0,0,6
EOalJyD,1,1,0,1,0,4
XusmWT,0,0,0,0,1,5
hIVsSNT,0,0,1,0,0,6
FjNBEehD,0,2,0,0,0,6
DnMskCy,0,0,0,0,0,7
WqxjRD,0,0,0,0,0,6
qnFDKev,0,1,0,0,0,6
PsYMrA,1,0,0,0,0,5
oJUACW,1,0,0,1,1,3
imVOxJ,0,0,1,1,0,4
zFPrUA,1,0,0,0,1,4
SkhWMY,0,0,0,0,0,6
wpiehvSYX,0,1,1,0,0,7
JctjrU,0,0,0,0,1,5
zrjIYTM,0,0,1,0,0,6
EWeQOczu,0,2,0,1,1,4
hXOUJL,0,0,0,1,1,4
ipGStOPlm,0,0,1,1,0,7
twRWJPK,0,0,0,0,0,7
RGNFdfpwnE,0,1,0,0,0,9
iBSKnGA,1,0,1,0,0,5
LlWDst,0,0,0,0,0,6
RfyovHsL,0,0,0,1,0,7
ykzXZJFQG,0,0,0,0,0,9
mTeGICW,0,1,1,0,0,5
rTDinJcYQ,0,0,1,0,0,8
ViZPnOUeWR,0,1,1,1,1,6
YKWTFueDO,0,1,0,1,1,6
aUJtoWVvM,1,0,0,1,1,6
BuFLbHZs,0,0,0,0,1,7
aFdPmY,1,0,0,0,0,5
AvDmCOh,1,0,0,1,0,5
TpsGWPEoR,0,1,0,1,0,7
vLpXmwKEOB,0,1,0,1,0,8
docqAslS,1,0,0,1,0,6
OdUzVeuGrk,0,1,0,1,2,6
HFjfrqt,0,0,0,0,0,7
QqmTAK,1,0,0,0,0,5
SYvxKowMU,0,0,0,1,1,7
QpjdYf,0,0,0,0,0,6
LuYZolrep,0,1,0,1,1,6
tlfNpV,0,0,0,0,0,6
vRoxwG,0,0,0,1,0,5
JQHypmLErd,0,1,0,0,0,9
sMRPKkVm,0,0,0,0,0,8
UkJqHYzsLS,0,0,0,0,1,9
uoxZgWNJkM,0,0,0,1,1,8
HbSUJrBy,0,0,0,0,1,7
azKcsN,1,0,0,0,0,5
eoQubwAcY,1,1,0,1,1,5
RktIfa,1,0,1,0,0,4
IPidbD,0,0,2,0,0,4
NohsrKG,0,0,0,1,0,6
IvzuqFDA,1,0,1,0,1,5
LdhVcQ,0,0,0,0,0,6
WYoAUV,1,0,0,1,1,3
vrMdzI,0,0,1,0,0,5
gobIQc,0,0,1,1,0,4
HryVSk,0,0,0,0,0,6
TuJQASzkmg,1,0,0,0,1,8
sDyRLHMNA,1,0,0,0,0,8
mdcTbZFofX,0,0,0,1,0,9
dguOoI,0,0,1,2,1,2
BUDuji,0,0,1,0,2,3
oQFzrGqXC,0,0,0,1,0,8
LHzxlVIS,0,0,1,0,0,7
NhmQfsc,0,0,0,0,0,7
SQnMgW,0,0,0,0,0,6
IomQsKDl,0,0,1,1,0,6
BgGWdUHXM,0,0,0,0,1,8
zQbqtURAVW,1,0,0,0,1,8
talVEbSPuH,1,1,0,0,1,7
UvrgHq,0,0,0,0,1,5
mkrvAtG,1,0,0,0,0,6
gvHSnDC,0,0,0,0,0,7
QarAqcb,2,0,0,0,0,5
raJqCUYpkN,1,0,0,0,1,8
skOPNJMB,0,0,0,1,0,7
HOSLClw,0,0,0,1,0,6
BcYqpfSj,0,0,0,0,0,8
EQjwAeLaty,2,2,0,0,0,6
kGLjpXEs,0,1,0,0,0,7
SZAvcs,1,0,0,0,0,5
QqAMBjD,1,0,0,0,0,6
lEeZauhK,1,2,0,0,1,4
EXRtxoIy,0,1,1,1,0,5
ESQGJfXUmB,0,1,0,0,1,8
howrCFv,0,0,0,1,0,6
mgQxnuy,0,0,0,0,1,6
NZHuStQ,0,0,0,0,1,6
IqnaYpP,1,0,1,0,0,5
sSYArhC,1,0,0,0,0,6
wsFVJH,0,0,0,0,0,6
pItheW,0,1,1,0,0,4
PBzLwoRVZu,0,0,0,1,1,8
TmWXjvEQrO,0,1,0,1,0,8
icpKnsjVd,0,0,1,0,0,8
mSvFuCIg,0,0,1,0,1,6
LIlQbYMH,0,0,1,0,0,7
Mtuwgl,0,0,0,0,1,5
TivcYe,0,1,1,0,0,4
lEiGZuY,0,1,1,0,1,4
WFXfSCTdV,0,0,0,0,0,9
HyKvpBMsI,0,0,1,0,0,8
cZsukQF,0,0,0,0,1,6
kgcuFCBH,0,0,0,0,1,7
AoLvYqj,1,0,0,1,0,5
rMXWmzty,0,0,0,0,0,8
dFAcol,1,0,0,1,0,4
nUKJSXOc,0,0,0,1,1,6
nAOYJIP,1,0,1,1,0,4
rOdIEf,0,1,1,1,0,3
EDxAJY,1,1,0,0,0,4
LUMVagQyw,1,0,0,0,1,7
DWTxeF,0,1,0,0,0,5
SNBHJWGO,0,0,0,1,0,7
xQDysVl,0,0,0,0,0,7
cElHCNbo,0,1,0,1,0,6
wQuTPvIi,0,0,2,0,1,5
BrdheR,0,1,0,0,0,5
XbAhmJPj,1,0,0,0,0,7
CtQSwk,0,0,0,0,0,6
bVlGRtix,0,0,1,0,0,7
CjhomDcQz,0,0,0,1,0,8
btzaqm,1,0,0,0,0,5
awINfVTO,1,0,1,1,0,5
WowQUTGpIg,0,0,1,1,1,7
EGIxagp,1,1,1,0,0,4
KPGkyF,0,0,0,0,0,6
JHnZzPiL,0,0,1,0,0,7
zlEMgB,0,1,0,0,0,5
wqAMQytj,1,0,0,0,0,7
QlTSPZmqhu,0,0,0,0,1,9
giVYnNz,0,0,1,0,0,6
VuTIFif,0,0,2,0,1,4
mdxVAurzj,1,0,0,0,1,7
nEbQiM,0,1,1,0,0,4
kCVzZduLhO,0,0,0,1,1,8
neADHfsdt,1,1,0,0,0,7
HfpwjSsIV,0,0,1,0,0,8
qWKpHsr,0,0,0,0,0,7
FRVbiwh,0,0,1,0,0,6
ztvNkj,0,0,0,0,0,6
iUGQdqD,0,0,1,0,1,5
pgEmIe,0,2,1,0,0,3
MSClBnFbx,0,0,0,0,0,9
jicUJpHBL,0,0,1,0,1,7
gJvOWM,0,0,0,1,0,5
uHTyrjnh,0,0,0,0,1,7
Oulycr,0,0,0,1,1,4
WVscwMpfLh,0,0,0,0,0,10
tkdRKsHf,0,0,0,0,0,8
SqQMbzJP,0,0,0,0,0,8
NHqAei,1,1,1,0,0,3
befQEC,0,2,0,0,0,4
VMukbHwn,0,0,0,0,1,7
KQZOStLru,0,0,0,1,1,7
ZBWgYr,0,0,0,0,0,6
NOUFafkVSJ,1,0,0,1,1,7
hOtUiv,0,0,1,1,1,3
BvWqiRTmSt,0,0,1,0,0,9
GPNzDyoRrQ,0,0,0,1,0,9
WfmiRjK,0,0,1,0,0,6
dbAGlkYtm,1,0,0,0,0,8
xygjULZ,0,0,0,0,1,6
lwWBcUuMTX,0,0,0,0,2,8
rISTpjB,0,0,1,0,0,6
onfVsa,1,0,0,1,0,4
gRUipQPVW,0,0,1,0,1,7
qOXLAgED,1,1,0,1,0,5
KdlfNb,0,0,0,0,0,6
vlKpNXEGzk,0,1,0,0,0,9
dbziFf,0,0,1,0,0,5
hAQDauOm,2,0,0,1,1,4
DOeYyjS,0,1,0,1,0,5
ONYdQchLmP,0,0,0,1,0,9
IHqUjt,0,0,1,0,1,4
UoDGPl,0,0,0,1,1,4
UKwfWkvGXA,1,0,0,0,1,8
eMHmhoJx,0,1,0,1,0,6
FGoksNbpIv,0,0,1,1,0,8
NtdcuobIA,1,0,1,1,1,5
UbQVTdaX,1,0,0,0,1,6
JtdyYpV,0,0,0,0,0,7
EyPSor,0,1,0,1,0,4
DKvgFMfyG,0,0,0,0,0,9
jxcdXM,0,0,0,0,0,6
mNgTsxt,0,0,0,0,0,7
PYTQnL,0,0,0,0,0,6
Kasnqb,1,0,0,0,0,5
YgTEPRuStM,0,1,0,0,1,8
wYqRXEo,0,1,0,1,0,5
fzHYdGvDb,0,0,0,0,0,9
MxZeRAK,1,1,0,0,0,5
IxYhDpcQwT,0,0,1,0,0,9
wbmakx,1,0,0,0,0,5
nULdGXp,0,0,0,0,1,6
AiEYWu,1,1,1,0,1,2
UlOXsJMwmH,0,0,0,1,1,8
iPnEGQRtI,0,1,2,0,0,6
XLSsRBN,0,0,0,0,0,7
yaFZeJR,1,1,0,0,0,5
mqkhnG,0,0,0,0,0,6
DGxPwQeRkr,0,1,0,0,0,9
PGorcLdN,0,0,0,1,0,7
uzgclAtI,1,0,1,0,1,5
rxBuKmF,0,0,0,0,1,6
KhlCeUY,0,1,0,0,1,5
JgEiMvYwQP,0,1,1,0,0,8
bwDvqX,0,0,0,0,0,6
zopmySNP,0,0,0,1,0,7
elgvKEO,0,2,0,1,0,4
eTyfoXh,0,1,0,1,0,5
JQKDqP,0,0,0,0,0,6
AQNgrqYp,1,0,0,0,0,7
avkRAju,2,0,0,0,1,4
QadZlDH,1,0,0,0,0,6
XCwlAzIHa,2,0,1,0,0,6
upkIdZF,0,0,1,0,1,5
CvujkrDwA,1,0,0,0,1,7
IRBQbOZmq,0,0,1,1,0,7
iVYmQGrzAN,1,0,1,0,0,8
rtpfueQ,0,1,0,0,1,5
HezQkS,0,1,0,0,0,5
ZrEuoq,0,1,0,1,1,3
mbKjzBn,0,0,0,0,0,7
eLZXSq,0,1,0,0,0,5
qnVesOHL,0,1,0,1,0,6
jHCamX,1,0,0,0,0,5
lvqAUycwR,1,0,0,0,1,7
mIZCqd,0,0,1,0,0,5
WrvcIVapsP,1,0,1,0,0,8
yoxRmFX,0,0,0,1,0,6
ghIBdJWG,0,0,1,0,0,7
Wtczwr,0,0,0,0,0,6
UdmvHJNt,0,0,0,0,1,7
acoGTHx,1,0,0,1,0,5
dXIcHnJNB,0,0,1,0,0,8
CiQIDHcmL,0,0,2,0,0,7
zJWnbXY,0,0,0,0,0,7
iKQuoHIX,0,0,2,1,1,4
efJEUZ,0,2,0,0,1,3
InlRLDJb,0,0,1,0,0,7
MRtVnFEm,0,1,0,0,0,7
gQyvXBh,0,0,0,0,0,7
iKHEOf,0,1,1,1,0,3
EOiRgmDTU,0,1,1,1,1,5
Thleqz,0,1,0,0,0,5
voNtCzU,0,0,0,1,1,5
RQePXmiYHI,0,1,2,0,0,7
YzjXcrH,0,0,0,0,0,7
BrnZlHWuNx,0,0,0,0,1,9
egUHxEvNda,1,2,0,0,1,6
QYzsWyomP,0,0,0,1,0,8
kWVOPchGT,0,0,0,1,0,8
weCXLhr,0,1,0,0,0,6
DSMxmfwl,0,0,0,0,0,8
WAjgCXV,1,0,0,0,0,6
IMofXr,0,0,1,1,0,4
vOexADb,1,1,0,1,0,4
ifzMyjKOmS,0,0,1,1,0,8
mGDvgZ,0,0,0,0,0,6
NsGwaU,1,0,0,0,1,4
jmEKhNHwz,0,1,0,0,0,8
UDBzemg,0,1,0,0,1,5
Pfcqgy,0,0,0,0,0,6
PEfxkmeR,0,2,0,0,0,6
jlzbQI,0,0,1,0,0,5
NXzZJobpi,0,0,1,1,0,7
VUIDvHpdi,0,0,2,0,1,6
qvFfjeY,0,1,0,0,0,6
jDUcwLkf,0,0,0,0,1,7
yFHnUB,0,0,0,0,1,5
RMfiujWpXz,0,0,1,0,1,8
mRanwi,1,0,1,0,0,4
sgoGCRtJ,0,0,0,1,0,7
txCuAG,1,0,0,0,1,4
kOHsTGLSx,0,0,0,1,0,8
fDeKslAM,1,1,0,0,0,6
vsTLqSpz,0,0,0,0,0,8
MftzywLB,0,0,0,0,0,8
akSBnRWEg,1,1,0,0,0,7
aJkxqigRT,1,0,1,0,0,7
sOvVkYlBmJ,0,0,0,1,0,9
TcQHwP,0,0,0,0,0,6
iYGdrofUuE,0,1,1,1,2,5
aSenQDKtv,1,1,0,0,0,7
dEVjZCMK,0,1,0,0,0,7
QwcFgrfmC,0,0,0,0,0,9
JtHTBu,0,0,0,0,1,5
nNuivtY,0,0,1,0,1,5
GWbcouk,0,0,0,1,1,5
rLZwUHDNQ,0,0,0,0,1,8
CoxLvA,1,0,0,1,0,4
yCGBEMOwoQ,0,1,0,2,0,7
kNlyHo,0,0,0,1,0,5
ifvudP,0,0,1,0,1,4
OIRxcb,0,0,1,1,0,4
eKcJsBvSIQ,0,1,1,0,0,8
pdfXtGB,0,0,0,0,0,7
pyPTltIcDN,0,0,1,0,0,9
GECpbveJFw,0,2,0,0,0,8
IszKmfM,0,0,1,0,0,6
uSmkhrcUY,0,0,0,0,2,7
vyaUOun,1,0,0,1,2,3
BTGiHDynax,1,0,1,0,0,8
CizFYn,0,0,1,0,0,5
ydpUcQ,0,0,0,0,1,5
McwzdOH,0,0,0,1,0,6
xAFUra,2,0,0,0,1,3
mJNXyaQYI,1,0,1,0,0,7
qMoJBK,0,0,0,1,0,5
azATWECbdh,2,1,0,0,0,7
swjiEPp,0,1,1,0,0,5
aJfitoD,1,0,1,1,0,4
dcmRGOpzJb,0,0,0,1,0,9
FsjezTP,0,1,0,0,0,6
RofXMSO,0,0,0,2,0,5
TPkqUFVe,0,1,0,0,1,6
uxjaXV,1,0,0,0,1,4
LEZzcIH,0,1,1,0,0,5
kjQOzrf,0,0,0,1,0,6
UlMscGErZ,0,1,0,0,1,7
gWVHzGi,0,0,1,0,0,6
HzvCpu,0,0,0,0,1,5
IcCtki,0,0,2,0,0,4
eTvcJmi,0,1,1,0,0,5
diAYmtpQ,1,0,1,0,0,6
xlLEgae,1,2,0,0,0,4
tvVAWJE,1,1,0,0,0,5
dERwsq,0,1,0,0,0,5
ISOaUcwjE,1,1,1,1,1,4
PoIcwUaF,1,0,1,1,1,4
PHuEyqgO,0,1,0,1,1,5
SDlTdfYc,0,0,0,0,0,8
jqHNUM,0,0,0,0,1,5
vgWHyTYCwX,0,0,0,0,0,10
XZuGVl,0,0,0,0,1,5
dhyKPFfQJ,0,0,0,0,0,9
bKjPGBXv,0,0,0,0,0,8
VpTODvYZ,0,0,0,1,0,7
sGjMIKwa,1,0,1,0,0,6
fCwyXl,0,0,0,0,0,6
SjXndGE,0,1,0,0,0,6
VUTZHGvEP,0,1,0,0,1,7
vSQYWFfz,0,0,0,0,0,8
fZMkENrH,0,1,0,0,0,7
WKfnZUQMmx,0,0,0,0,1,9
AYDzLuWbO,1,0,0,1,1,6
HQMNBiaZ,1,0,1,0,0,6
xdUuNZyEe,0,2,0,0,2,5
LGOvEdSIf,0,1,1,1,0,6
LYOhRsSGbN,0,0,0,1,0,9
TaJsRWQf,1,0,0,0,0,7
nfkQVUZb,0,0,0,0,1,7
lLgMwchU,0,0,0,0,1,7
QRpIKXPd,0,0,1,0,0,7
nYCxRW,0,0,0,0,0,6
iOljkn,0,0,1,1,0,4
lRcZrHb,0,0,0,0,0,7
FuSbqz,0,0,0,0,1,5
jzEYORUAyH,1,1,0,1,1,6
nKYysa,1,0,0,0,0,5
bCioMhZrm,0,0,1,1,0,7
yojvGTdqbx,0,0,0,1,0,9
ipCNEBTb,0,1,1,0,0,6
XwsFcI,0,0,1,0,0,5
rzpxqyaj,1,0,0,0,0,7
vHwziWZU,0,0,1,0,1,6
DtEgdFOrjP,0,1,0,1,0,8
XkiVab,1,0,1,0,0,4
TwJthKeP,0,1,0,0,0,7
aUYQdlPV,1,0,0,0,1,6
vtMJDawSUA,2,0,0,0,1,7
ZjXmlA,1,0,0,0,0,5
oTUfaIsi,1,0,2,1,1,3
Zwrisg,0,0,1,0,0,5
dPBqjDQINy,0,0,1,0,0,9
EhyMGLKnC,0,1,0,0,0,8
WpeJjih,0,1,1,0,0,5
dRkoUPjz,0,0,0,1,1,6
gchFNLz,0,0,0,0,0,7
RshXwSM,0,0,0,0,0,7
XWxELv,0,1,0,0,0,5
zSwYaAyn,2,0,0,0,0,6
wNKePv,0,1,0,0,0,5
JktyjCAfZ,1,0,0,0,0,8
RbwLvF,0,0,0,0,0,6
swaqUvtHMx,1,0,0,0,1,8
SWcFNDmM,0,0,0,0,0,8
aLuztT,1,0,0,0,1,4
kEKuebyZmr,0,2,0,0,1,7
LTpMDYX,0,0,0,0,0,7
nHULSKAz,1,0,0,0,1,6
kyJSfn,0,0,0,0,0,6
ZQToYSk,0,0,0,1,0,6
mqZDGlxi,0,0,1,0,0,7
WsMtgJIAU,1,0,1,0,1,6
Oxvowk,0,0,0,2,0,4
ardlfiCyQ,1,0,1,0,0,7
MJLZuTt,0,0,0,0,1,6
MWPpmAO,1,0,0,1,0,5
rtyEcQV,0,1,0,0,0,6
EyJDsSH,0,1,0,0,0,6
FZcPqnY,0,0,0,0,0,7
ovJgaU,1,0,0,1,1,3
tMWogZx,0,0,0,1,0,6
GPvATi,1,0,1,0,0,4
GTxeLh,0,1,0,0,0,5
MIUYqk,0,0,1,0,1,4
XHMaUlB,1,0,0,0,1,5
RagKPlVF,1,0,0,0,0,7
qCoRLMB,0,0,0,1,0,6
vNfxoMwmz,0,0,0,1,0,8
QDYvTZu,0,0,0,0,1,6
jWtKdf,0,0,0,0,0,6
uretBOSF,0,1,0,1,1,5
HElPYZzc,0,1,0,0,0,7
zeojiC,0,1,1,1,0,3
lSrNgDmb,0,0,0,0,0,8
calULR,1,0,0,0,1,4
JTpBgNU,0,0,0,0,1,6
HLsYgDik,0,0,1,0,0,7
wAoROmNqP,1,0,0,2,0,6
qJEzQYDAd,1,1,0,0,0,7
yHLIuj,0,0,1,0,1,4
qeEvczun,0,2,0,0,1,5
ZsSixH,0,0,1,0,0,5
AneHgtSQP,1,1,0,0,0,7
KvOBLsSM,0,0,0,1,0,7
ywcgYShu,0,0,0,0,1,7
daMJAB,2,0,0,0,0,4
qeVwofuOb,0,1,0,2,1,5
snEQBHtu,0,1,0,0,1,6
RLATpw,1,0,0,0,0,5
HsKEbi,0,1,1,0,0,4
LKgfsVaH,1,0,0,0,0,7
BMsAFlPWV,1,0,0,0,0,8
hjXcYUN,0,0,0,0,1,6
YSOQlTj,0,0,0,1,0,6
CBJDiFw,0,0,1,0,0,6
zrpBSe,0,1,0,0,0,5
yOrQtSH,0,0,0,1,0,6
vyzEPpG,0,1,0,0,0,6
LWOUkXG,0,0,0,1,1,5
nAotICBs,1,0,1,1,0,5
uSAFsIb,1,0,1,0,1,4
VxpFErPd,0,1,0,0,0,7
iyazBlgbm,1,0,1,0,0,7
JPLYbhD,0,0,0,0,0,7
EaIWrB,1,1,1,0,0,3
JOLlUpER,0,1,0,1,1,5
HqcjILu,0,0,1,0,1,5
mFIDoTi,0,0,2,1,0,4
ZOHfMr,0,0,0,1,0,5
ANiEtj,1,1,1,0,0,3
uanwNvI,1,0,1,0,1,4
lBoqwU,0,0,0,1,1,4
KHRWbkFNJ,0,0,0,0,0,9
cLbnykjOv,0,0,0,1,0,8
fkKbLlQD,0,0,0,0,0,8
oIsWLH,0,0,1,1,0,4
QGLjdC,0,0,0,0,0,6
YAcqfO,1,0,0,1,0,4
uABKrYnWq,1,0,0,0,1,7
JriOHQ,0,0,1,1,0,4
HlQnaih,1,0,1,0,0,5
jKBwDoFf,0,0,0,1,0,7
dqywZTG,0,0,0,0,0,7
DkJvrXpI,0,0,1,0,0,7
sIlQxWkt,0,0,1,0,0,7
EaJILnqv,1,1,1,0,0,5
plTcsQ,0,0,0,0,0,6
RlBYGcFyap,1,0,0,0,0,9
EgqXpkK,0,1,0,0,0,6
kRwqNbxT,0,0,0,0,0,8
BsbxIqck,0,0,1,0,0,7
KEeiRfrlTh,0,2,1,0,0,7
puJEUReVj,0,2,0,0,2,5
IaNlfTRWwG,1,0,1,0,0,8
xPTMbkj,0,0,0,0,0,7
pMrjky,0,0,0,0,0,6
tMHvmYG,0,0,0,0,0,7
CSufQj,0,0,0,0,1,5
InkYmPyb,0,0,1,0,0,7
AUMwoOkDV,1,0,0,2,1,5
LeBYSvwb,0,1,0,0,0,7
DqmfCc,0,0,0,0,0,6
xUKFOG,0,0,0,1,1,4
OYniyC,0,0,1,1,0,4
IJtkuqnRAy,1,0,1,0,1,7
qCuLSlIZ,0,0,1,0,1,6
ystdwP,0,0,0,0,0,6
qgDsER,0,1,0,0,0,5
RDjJoiAL,1,0,1,1,0,5
sMqrOBHSk,0,0,0,1,0,8
DvigMT,0,0,1,0,0,5
cVrpsNK,0,0,0,0,0,7
nPzEGK,0,1,0,0,0,5
LoFywdMU,0,0,0,1,1,6
TdYArM,1,0,0,0,0,5
NBVvZbg,0,0,0,0,0,7
QOKbiD,0,0,1,1,0,4
WiqXwsy,0,0,1,0,0,6
uVCkqiW,0,0,1,0,1,5
ewCuHgVar,1,1,0,0,1,6
TYeXnsKRp,0,1,0,0,0,8
URfyZl,0,0,0,0,1,5
GohVOSZ,0,0,0,2,0,5
cNefAktzFs,1,1,0,0,0,8
ivMpVkj,0,0,1,0,0,6
qMeZUvmuWP,0,1,0,0,2,7
eBkEVfFQy,0,2,0,0,0,7
jnYOpkWo,0,0,0,2,0,6
cWfayBtH,1,0,0,0,0,7
lzkortvhMO,0,0,0,2,0,8
XgRhwQ,0,0,0,0,0,6
WzYCpgKBr,0,0,0,0,0,9
DngIFSui,0,0,2,0,1,5
QLnjHUv,0,0,0,0,1,6
wehUgnE,0,2,0,0,1,4
RVLfOU,0,0,0,1,1,4
IPqYmF,0,0,1,0,0,5
MTOVjQld,0,0,0,1,0,7
ZTyURhO,0,0,0,1,1,5
OnMPIFQ,0,0,1,1,0,5
MDvZbN,0,0,0,0,0,6
LjXJya,1,0,0,0,0,5
DsjPEVk,0,1,0,0,0,6
xvRXAY,1,0,0,0,0,5
RxCUyD,0,0,0,0,1,5
oemHgz,0,1,0,1,0,4
taeDTIFR,1,1,1,0,0,5
DWXefbu,0,1,0,0,1,5
BqPnxJjK,0,0,0,0,0,8
xTmGBIc,0,0,1,0,0,6
ZCrvoBOiJ,0,0,1,2,0,6
XhwfCVISW,0,0,1,0,0,8
pwTNUO,0,0,0,1,1,4
nfKbSeuCLp,0,1,0,0,1,8
URMekD,0,1,0,0,1,4
IaesAY,2,1,1,0,0,2
FDmHBelQO,0,1,0,1,0,7
IniFqZSW,0,0,2,0,0,6
cMAfznqL,1,0,0,0,0,7
WVPymYb,0,0,0,0,0,7
XoEZWQV,0,1,0,1,0,5
ibftEUPoZ,0,1,1,1,1,5
EZMlcgQPhj,0,1,0,0,0,9
YUWcMzRHbQ,0,0,0,0,1,9
tmuPhaN,1,0,0,0,1,5
qzXHkWPA,1,0,0,0,0,7
nqmKPZ,0,0,0,0,0,6
VscdXIhvL,0,0,1,0,0,8
UhWFnad,1,0,0,0,1,5
CnULoxGO,0,0,0,2,1,5
UFRuiel,0,1,1,0,2,3
kXvKLh,0,0,0,0,0,6
YZMPjKX,0,0,0,0,0,7
iGuNvt,0,0,1,0,1,4
eUTNFRX,0,1,0,0,1,5
QnshzSaJDH,1,0,0,0,0,9
CadBeoQFOS,1,1,0,2,0,6
CZpEemhd,0,2,0,0,0,6
tnImleariy,1,1,2,0,0,6
bTNxpLmVnh,0,0,0,0,0,10
FQTfzXMte,0,1,0,0,0,8
GrTLUQ,0,0,0,0,1,5
gMwStfW,0,0,0,0,0,7
AxSZBqpri,1,0,1,0,0,7
zjqDKYtpL,0,0,0,0,0,9
RYJehP,0,1,0,0,0,5
speynlYPgH,0,1,0,0,0,9
grhCOYKqf,0,0,0,1,0,8
aeqIDE,1,2,1,0,0,2
uOekDxpgL,0,1,0,1,1,6
zPKsguLf,0,0,0,0,1,7
AQtWIwLjS,1,0,1,0,0,7
wkNcZpT,0,0,0,0,0,7
GjoHJCVOAy,1,0,0,2,0,7
iPuYdbwqe,0,1,1,0,1,6
tobeHORdYi,0,1,1,2,0,6
FMAhftUj,1,0,0,0,1,6
arQFdtKMGc,1,0,0,0,0,9
tLDWvo,0,0,0,1,0,5
okhaApd,2,0,0,1,0,4
aFiRsxGMA,2,0,1,0,0,6
FTYtIUhoRw,0,0,1,1,1,7
sNUudBK,0,0,0,0,2,5
pzBdgtTGeP,0,1,0,0,0,9
nJRkFVwNcB,0,0,0,0,0,10
Hlvdne,0,1,0,0,0,5
ijqyhTa,1,0,1,0,0,5
eQwyWTvEA,1,2,0,0,0,6
MpqNSZVPWz,0,0,0,0,0,10
qBeGalNdsY,1,1,0,0,0,8
wCyqhJV,0,0,0,0,0,7
xkPwysVW,0,0,0,0,0,8
VeBqASg,1,1,0,0,0,5
ecNWqmGl,0,1,0,0,0,7
oQkOqYrAGU,1,0,0,2,1,6
fEQoXw,0,1,0,1,0,4
UHfGVAinme,1,1,1,0,1,6
TUnwAxGePq,1,1,0,0,1,7
lmjriWMt,0,0,1,0,0,7
wQbEVgIDa,1,1,1,0,0,6
IaYPkFRG,1,0,1,0,0,6
CDEnlzrGx,0,1,0,0,0,8
BKzkgtNL,0,0,0,0,0,8
fbNcxlF,0,0,0,0,0,7
MFhQfY,0,0,0,0,0,6
RyThtm,0,0,0,0,0,6
vQkFOE,0,1,0,1,0,4
OBPKIt,0,0,1,1,0,4
mQIElqf,0,1,1,0,0,5
IoZSel,0,1,1,1,0,3
uIFSfzHcnq,0,0,1,0,1,8
xqpMdse,0,1,0,0,0,6
gVmAiQF,1,0,1,0,0,5
LdfYAniKGR,1,0,1,0,0,8
wSxZsDqeT,0,1,0,0,0,8
AyViZU,1,0,1,0,1,3
OyIfqMxUuR,0,0,1,1,2,6
pTUEGH,0,1,0,0,1,4
KrSpcqDJxL,0,0,0,0,0,10
hCRdNy,0,0,0,0,0,6
smGlhF,0,0,0,0,0,6
OVRHbzg,0,0,0,1,0,6
IbRYMSkEo,0,1,1,1,0,6
tqaGjPw,1,0,0,0,0,6
YKzirU,0,0,1,0,1,4
kPcXMD,0,0,0,0,0,6
hfeYON,0,1,0,1,0,4
gzDGWOrAZ,1,0,0,1,0,7
uiIVsEMfP,0,1,2,0,1,5
DTSZzP,0,0,0,0,0,6
MaVZlHj,1,0,0,0,0,6
WcfPaE,1,1,0,0,0,4
kgVctFaPz,1,0,0,0,0,8
yIZHlcoWS,0,0,1,1,0,7
WankEUsqv,1,1,0,0,1,6
lYBOqZ,0,0,0,1,0,5
EQxgSv,0,1,0,0,0,5
aoCYwS,1,0,0,1,0,4
dVLEHZRz,0,1,0,0,0,7
kqSwoJ,0,0,0,1,0,5
LuWbSnK,0,0,0,0,1,6
BukqzL,0,0,0,0,1,5
McYpyzXeQG,0,1,0,0,0,9
IkgaQlPyn,1,0,1,0,0,7
mBEaGekzv,1,2,0,0,0,6
pjQyIKfYB,0,0,1,0,0,8
QcwXedv,0,1,0,0,0,6
CZouyHnVi,0,0,1,1,1,6
AhwKWeu,1,1,0,0,1,4
zloCHJskV,0,0,0,1,0,8
RIVbAxr,1,0,1,0,0,5
hCtOuQ,0,0,0,1,1,4
BsUAuSP,1,0,0,0,2,4
WFvjRV,0,0,0,0,0,6
coBvSX,0,0,0,1,0,5
ZNyDzhic,0,0,1,0,0,7
JLcxYEnhX,0,1,0,0,0,8
ZsnYmhy,0,0,0,0,0,7
BwqxRa,1,0,0,0,0,5
SOAMJGYX,1,0,0,1,0,6
ZXbUftd,0,0,0,0,1,6
ZewTXHg,0,1,0,0,0,6
CruTkvfGo,0,0,0,1,1,7
sOvlbwaArS,2,0,0,1,0,7
ptEcWmFZn,0,1,0,0,0,8
uaXjUCk,1,0,0,0,2,4
FsqEYvzOi,0,1,1,1,0,6
DxVTAFt,1,0,0,0,0,6
WOsmhpi,0,0,1,1,0,5
BGcjXCr,0,0,0,0,0,7
NmotwOpqF,0,0,0,2,0,7
vERnDWdAK,1,1,0,0,0,7
DgciWyjo,0,0,1,1,0,6
FzKvrQ,0,0,0,0,0,6
HfkCdQWY,0,0,0,0,0,8
bfxQJz,0,0,0,0,0,6
pCLeIZqU,0,1,1,0,1,5
xbTMHwImR,0,0,1,0,0,8
elpsGcqjYb,0,1,0,0,0,9
VbRCrNX,0,0,0,0,0,7
AJDrPmZue,1,1,0,0,1,6
pbFYQM,0,0,0,0,0,6
CrvWNPVug,0,0,0,0,1,8
JKEocfCnsD,0,1,0,1,0,8
riHPAhB,1,0,1,0,0,5
uOdyis,0,0,1,1,1,3
LlJupSHvjb,0,0,0,0,1,9
MDTWeskxYo,0,1,0,1,0,8
DBKVYlvz,0,0,0,0,0,8
YrIyclCi,0,0,2,0,0,6
lvbqUHinyT,0,0,1,0,1,8
CBSbcE,0,1,0,0,0,5
WynhOeiz,0,1,1,1,0,5
MuesJWI,0,1,1,0,1,4
LZiuGw,0,0,1,0,1,4
YkSxbmKQ,0,0,0,0,0,8
noRUhCDm,0,0,0,1,1,6
AcNMnfhE,1,1,0,0,0,6
DYwxKGFnUs,0,0,0,0,1,9
zkdminc,0,0,1,0,0,6
jwKOxbvn,0,0,0,1,0,7
goTIfBZvM,0,0,1,1,0,7
rVSEhAB,1,1,0,0,0,5
YmowPn,0,0,0,1,0,5
LUZKiMNsQd,0,0,1,0,1,8
GBazxE,1,1,0,0,0,4
EBIhtDL,0,1,1,0,0,5
XasLFNK,1,0,0,0,0,6
XRNAQFlC,1,0,0,0,0,7
sKIxNYXSJR,0,0,1,0,0,9
hGVBgw,0,0,0,0,0,6
GsJDrCq,0,0,0,0,0,7
YWOMGp,0,0,0,1,0,5
dUsINly,0,0,1,0,1,5
OZTNEkKRVQ,0,1,0,1,0,8
TFlXsNG,0,0,0,0,0,7
KijhmGa,1,0,1,0,0,5
SghJVPKkbf,0,0,0,0,0,10
KJexLmDB,0,1,0,0,0,7
wjvaRSq,1,0,0,0,0,6
VhiTGMX,0,0,1,0,0,6
tNoqxDCrzj,0,0,0,1,0,9
MszahrWJn,1,0,0,0,0,8
KPEyog,0,1,0,1,0,4
FrjhLi,0,0,1,0,0,5
XFVGvCR,0,0,0,0,0,7
PlhjbuQq,0,0,0,0,1,7
ByYjKaVkC,1,0,0,0,0,8
OzPfYVv,0,0,0,1,0,6
dxFOWnp,0,0,0,1,0,6
IcXCaZ,1,0,1,0,0,4
YTJVrXsjob,0,0,0,1,0,9
YuOKRfLGov,0,0,0,2,1,7
oOQSCg,0,0,0,2,0,4
XIMPApzQ,1,0,1,0,0,6
aAZgDxsV,2,0,0,0,0,6
zfVNGevq,0,1,0,0,0,7
HlpgRm,0,0,0,0,0,6
YUGldvt,0,0,0,0,1,6
cjflWytv,0,0,0,0,0,8
gwOxYNz,0,0,0,1,0,6
iPdWzByZ,0,0,1,0,0,7
HkgRjXzO,0,0,0,1,0,7
UYrzmoubI,0,0,1,1,2,5
XwudrB,0,0,0,0,1,5
jKoueJNvg,0,1,0,1,1,6
fbSEOIVai,1,1,2,1,0,4
ndPHwcOA,1,0,0,1,0,6
PcioLy,0,0,1,1,0,4
eTuarWtk,1,1,0,0,1,5
ZGXoEklyS,0,1,0,1,0,7
knYBpR,0,0,0,0,0,6
LhBFtVzi,0,0,1,0,0,7
irGfHXZgRq,0,0,1,0,0,9
rPZqDWS,0,0,0,0,0,7
ndMwFi,0,0,1,0,0,5
lqEQpzmdai,1,1,1,0,0,7
qogjvZ,0,0,0,1,0,5
tzcojhy,0,0,0,1,0,6
KGQrBD,0,0,0,0,0,6
hFyiNQbU,0,0,1,0,1,6
HZrjcbNP,0,0,0,0,0,8
jUKRLfzy,0,0,0,0,1,7
aokHLbt,1,0,0,1,0,5
zeuIRBZr,0,1,1,0,1,5
xdlPXMjCAp,1,0,0,0,0,9
lAgQuRrB,1,0,0,0,1,6
nLYAQzECW,1,1,0,0,0,7
oejING,0,1,1,1,0,3
czwdKT,0,0,0,0,0,6
RcYVFu,0,0,0,0,1,5
FrHOGy,0,0,0,1,0,5
oMhOvmSbY,0,0,0,2,0,7
UVJYMrqBv,0,0,0,0,1,8
uxszmRo,0,0,0,1,1,5
oiBnVcyMD,0,0,1,1,0,7
ZjdcBPCz,0,0,0,0,0,8
VNPKbsC,0,0,0,0,0,7
IpTtlDb,0,0,1,0,0,6
SDVwIcoeKA,1,1,1,1,0,6
qICVgu,0,0,1,0,1,4
YKgWPZTr,0,0,0,0,0,8
iCtJDek,0,1,1,0,0,5
ybEToSxzH,0,1,0,1,0,7
uATWvNB,1,0,0,0,1,5
ILlVHbYkiC,0,0,2,0,0,8
WcKtSTEUIg,0,1,1,0,1,7
UzoPQCHJ,0,0,0,1,1,6
hutEBNwpRV,0,1,0,0,1,8
JVCMBiZbQW,0,0,1,0,0,9
FpdDwQ,0,0,0,0,0,6
oiArVRNg,1,0,1,1,0,5
sfZWUO,0,0,0,1,1,4
CMHustVO,0,0,0,1,1,6
rWQqVD,0,0,0,0,0,6
txBKGvP,0,0,0,0,0,7
BisLzwe,0,1,1,0,0,5
QMThqw,0,0,0,0,0,6
YygtrM,0,0,0,0,0,6
OPEWwYAI,1,1,1,1,0,4
PHFxluRLdb,0,0,0,0,1,9
sRCImTw,0,0,1,0,0,6
jZldBGVxJb,0,0,0,0,0,10
JyeLQiA,1,1,1,0,0,4
gNjZipz,0,0,1,0,0,6
iVPrSLZ,0,0,1,0,0,6
aKriGd,1,0,1,0,0,4
NdomLyO,0,0,0,2,0,5
FOfeYIpNaK,1,1,1,1,0,6
PbXKkni,0,0,1,0,0,6
mkzhGUVI,0,0,1,0,1,6
AuaRkZ,2,0,0,0,1,3
ucdzPvjp,0,0,0,0,1,7
NFASkK,1,0,0,0,0,5
LUvtgC,0,0,0,0,1,5
YlzCAdfZv,1,0,0,0,0,8
jroakDN,1,0,0,1,0,5
dNBAHYW,1,0,0,0,0,6
DtnHzdKB,0,0,0,0,0,8
EdFUXuSt,0,1,0,0,2,5
GbtiYp,0,0,1,0,0,5
ApmshgXtb,1,0,0,0,0,8
rgGyfO,0,0,0,1,0,5
GAMaIq,2,0,1,0,0,3
bozhEfeQ,0,2,0,1,0,5
qwCYNh,0,0,0,0,0,6
tUVlDj,0,0,0,0,1,5
uvRnPWroJx,0,0,0,1,1,8
UbHNzo,0,0,0,1,1,4
EPCjlNygi,0,1,1,0,0,7
EgOmlqp,0,1,0,1,0,5
txTMnQA,1,0,0,0,0,6
xmwAJY,1,0,0,0,0,5
pyjrbFOzw,0,0,0,1,0,8
iJZlhVYRdx,0,0,1,0,0,9
UMASzJQH,1,0,0,0,1,6
BsUZxOoHkG,0,0,0,2,1,7
ocdGIU,0,0,1,1,1,3
yBNukZw,0,0,0,0,1,6
LypfNX,0,0,0,0,0,6
ZmfWsF,0,0,0,0,0,6
TgbvywKQOn,0,0,0,1,0,9
jcZGpYPIL,0,0,1,0,0,8
kKXWbOBn,0,0,0,1,0,7
gNtUnL,0,0,0,0,1,5
ZpDhjrbm,0,0,0,0,0,8
zqgWGj,0,0,0,0,0,6
pRftED,0,1,0,0,0,5
BYtQqN,0,0,0,0,0,6
iZNjkUIhA,1,0,2,0,1,5
YgCmEKHOZ,0,1,0,1,0,7
VLYgXIjHb,0,0,1,0,0,8
tYKkWmZCS,0,0,0,0,0,9
YxRtZrfy,0,0,0,0,0,8
sHtwvh,0,0,0,0,0,6
IpWPBoqi,0,0,2,1,0,5
njIMpxSD,0,0,1,0,0,7
utxJUsTrK,0,0,0,0,2,7
KuElMp,0,1,0,0,1,4
mxnYyRdiwJ,0,0,1,0,0,9
dBGMHV,0,0,0,0,0,6
BZmsqE,0,1,0,0,0,5
kJpNYoGF,0,0,0,1,0,7
exzsgmQ,0,1,0,0,0,6
GFMEoAN,1,1,0,1,0,4
XjecYxmS,0,1,0,0,0,7
rVefTlkL,0,1,0,0,0,7
dZmPav,1,0,0,0,0,5
hcDQodCf,0,0,0,1,0,7
Vkegro,0,1,0,1,0,4
IzhtLx,0,0,1,0,0,5
MKfoBPQz,0,0,0,1,0,7
VjsvUyJ,0,0,0,0,1,6
KftRIgH,0,0,1,0,0,6
qCslYM,0,0,0,0,0,6
ytcCLTS,0,0,0,0,0,7
hRoaASx,2,0,0,1,0,4
YKFXJTviPl,0,0,1,0,0,9
gSHZGtzdR,0,0,0,0,0,9
cLrnZW,0,0,0,0,0,6
